Episode,PPO,Random
1,0.5300005,0.4100005
2,0.7000008,0.63000053
3,0.49000055,0.42000085
4,0.49000043,1.0700002
5,0.6700006,0.4000005
6,0.33000058,0.31
7,0.6200008,0.67000073
8,0.6100008,0.38000065
9,0.7200008,0.35000056
10,0.52000076,0.5800006
11,0.4700008,0.39000005
12,0.41000062,0.64000064
13,0.8200008,0.3000005
14,0.64000064,0.62000066
15,0.5800007,0.69000095
16,0.33999997,0.40000063
17,0.49000055,0.3
18,0.3,0.31000048
19,0.3800004,0.5500007
20,1.0200009,0.34000057
21,1.1199998,0.32
22,0.35000044,0.40000063
23,0.66000086,0.32000047
24,0.33999997,0.50000054
25,0.64000064,0.5000008
26,0.5300006,0.3
27,0.35000044,0.49000078
28,0.6800006,0.31000048
29,0.35000056,0.38000053
30,0.8200007,0.40000075
31,0.50000054,0.46000057
32,0.60000044,0.3
33,0.64000064,0.37000018
34,0.5900007,0.51000065
35,0.4600008,0.5100005
36,0.60000044,0.5300006
37,0.33999997,0.65000063
38,0.44000047,0.5100005
39,0.4500007,0.39000005
40,0.54000074,0.3
41,0.6900007,0.3400007
42,0.57000047,0.45000058
43,0.6800005,0.4400006
44,0.4000004,0.4100005
45,0.69000083,0.3
46,0.7400008,0.33999997
47,0.35000056,0.72000086
48,0.3,0.47000057
49,0.4700008,0.3
50,0.87000084,0.48000056
51,0.5500005,0.31
52,0.5300006,0.60000044
53,0.77000064,0.7100006
54,0.62000066,0.5600007
55,0.5500007,0.4600008
56,0.9000006,0.3
57,0.6800006,0.49000055
58,0.8200007,0.3
59,0.78000075,0.38000005
60,0.5300005,0.54000074
61,0.49000055,0.37000066
62,0.65000063,0.6100008
63,0.3600002,0.6200009
64,0.4200006,0.45000046
65,0.72000057,0.48000056
66,0.4400006,0.3
67,0.6800006,0.36000067
68,0.78000075,0.73000056
69,0.4700008,0.3
70,0.3,0.38000005
71,0.37000054,0.32
72,0.9999999,0.5100009
73,0.51000077,0.36000067
74,0.45000058,0.33999997
75,0.51000077,0.65000063
76,0.7400008,0.36000067
77,0.62000066,0.3
78,0.5900007,0.3
79,0.49000055,0.76000065
80,0.4300006,0.3
81,0.45000058,0.31
82,0.58000046,0.3
83,0.5400005,0.3
84,0.49000055,0.7100007
85,0.7200006,0.87000036
86,0.44000012,0.35000068
87,0.37000018,0.3
88,0.36000055,0.44000083
89,0.43000025,0.3
90,0.3,0.45000046
91,0.8400005,0.41000062
92,0.43000036,0.3
93,0.3,0.3
94,0.49000078,0.45000082
95,0.3,0.3
96,0.49000067,0.65000063
97,0.52000076,0.3
98,0.8500007,0.47000057
99,0.38000005,0.41000074
100,0.39000016,0.3400007
101,0.33999997,0.3
102,0.6200008,0.49000055
103,0.3,0.8200006
104,0.53000075,0.53000075
105,0.85000074,0.3
106,0.6200008,0.56000084
107,0.32000035,0.40000063
108,0.5500006,0.34999996
109,0.40000063,0.5400005
110,0.5800007,0.3
111,0.65000063,0.6800006
112,0.7000006,0.49000043
113,0.5400005,0.5500007
114,0.34000057,0.3
115,0.7300008,0.3900004
116,0.7000008,0.62000066
117,0.9100006,0.5900008
118,0.6000007,0.5500005
119,0.32000047,0.31
120,0.62000066,0.3
121,0.41000062,0.3
122,0.7900009,0.5800006
123,0.9600003,0.67000085
124,0.3,0.6600006
125,0.8600008,0.3
126,0.3500008,0.5900007
127,0.6700006,0.8100003
128,0.45000058,0.3
129,0.6700006,0.3
130,0.6900006,0.6200004
131,0.61000067,0.4400006
132,0.7300008,0.42000073
133,0.5300006,0.38000065
134,0.31,0.4400006
135,0.9200006,0.31000072
136,0.6500005,0.4000005
137,0.4700002,0.3
138,0.46000057,0.61000055
139,0.33999997,0.7000006
140,0.6500007,0.84000087
141,0.3400007,0.37000042
142,0.60000056,0.3
143,0.64000064,0.3400007
144,0.69000083,0.49000055
145,0.47000068,0.35000044
146,0.5300004,0.35000008
147,0.5600007,0.31
148,0.48000067,0.3
149,0.3,0.74000055
150,0.5400006,0.39000016
151,0.5300004,0.37000054
152,0.69000036,0.5000008
153,0.47000068,0.48000056
154,0.39000064,0.32000023
155,0.73000056,0.71000063
156,0.87000066,0.4600007
157,0.40000063,0.5800007
158,0.3,0.48000056
159,0.4200005,0.34000057
160,0.7500008,0.7900001
161,0.68000084,0.4700008
162,0.40000063,0.39000064
163,0.5300005,0.3
164,0.32999998,0.54000074
165,0.49000067,0.3
166,0.6400005,0.36000043
167,0.4700008,0.40000063
168,0.5800007,0.33999997
169,0.44000012,0.6300009
170,0.6300005,0.3
171,0.45000082,0.7200008
172,0.47000057,0.64000064
173,0.5500005,0.4600007
174,0.42000037,0.66000074
175,0.5700006,0.5500005
176,0.54000074,0.37000066
177,0.7900005,0.3800004
178,0.37000054,0.31
179,0.40000015,0.4200006
180,0.7600005,0.3400001
181,0.5000008,0.3
182,0.3,0.3
183,0.39000064,0.35000008
184,0.35000044,0.60000056
185,0.6200009,0.38000053
186,0.7700006,0.79000074
187,0.7500008,0.47000057
188,0.5400006,0.3
189,0.45000058,0.5600007
190,0.35999995,0.60000044
191,0.5000008,0.35000068
192,0.45000058,0.3
193,0.8500008,0.31
194,0.49000055,0.7000008
195,0.9400004,0.5900007
196,0.50000054,0.41000062
197,0.7300006,0.3
198,0.88000035,0.34000045
199,0.7000005,0.3
200,0.49000055,0.5500006
201,0.9200006,0.33999997
202,0.5300006,0.6500007
203,0.5100005,0.3400007
204,0.65000063,0.34000057
205,0.50000054,0.3
206,0.47000057,0.47000057
207,0.5100004,0.61000067
208,0.6700003,0.7500008
209,0.38000053,0.31000048
210,0.3000005,0.5900007
211,0.35000044,0.31
212,0.72000057,0.45000058
213,0.52000076,0.31
214,0.49000055,0.3300007
215,0.47000057,0.6600006
216,0.5400005,0.5700007
217,0.4000005,0.38000065
218,0.7200008,0.4300006
219,0.62000066,0.31
220,0.6700003,0.5800007
221,0.7000006,0.41000074
222,0.59000057,0.45000058
223,0.8100007,0.65000075
224,0.63000065,0.5500005
225,0.77000046,0.31
226,0.48000008,0.3
227,1.1600002,0.7900008
228,0.5300005,0.43000072
229,0.5600005,0.32
230,0.5900007,0.3400008
231,0.44000036,0.6000007
232,1.0599998,0.38000065
233,1.0000007,0.3
234,0.7800006,0.5700007
235,0.63000065,0.7500008
236,0.3,0.33999997
237,0.5700006,0.3300001
238,0.5800007,0.7900007
239,0.41000062,0.37000042
240,0.49000055,0.35000068
241,0.35000044,0.32000047
242,0.41000062,0.3400001
243,0.4200006,0.48000056
244,0.41000062,0.62000066
245,0.6500009,0.72000074
246,0.89000064,0.7200005
247,0.61000067,0.3
248,0.7300004,0.37000066
249,0.33999997,0.41000062
250,0.33999997,0.38000065
251,0.3,0.50000066
252,0.4700001,0.72000027
253,0.46000057,0.3
254,0.59000045,0.5500007
255,0.8500007,0.33999997
256,0.32,0.3100006
257,0.64000064,0.3
258,0.54000074,0.3400001
259,0.5700007,0.3
260,0.33999997,0.6000007
261,0.61000043,0.31
262,0.64000064,0.4000005
263,0.51000065,0.5500005
264,0.6600006,0.7500007
265,0.51000077,0.40000063
266,0.41000038,0.34999996
267,0.5300005,0.4200006
268,0.6200009,0.36000055
269,0.77000076,0.6800003
270,0.5300006,0.5300006
271,0.5400005,0.3
272,0.53000075,0.9000008
273,0.62000066,0.3600009
274,0.3600002,0.39000005
275,0.39000064,0.36000067
276,0.5400006,0.47000057
277,0.71000034,0.33999997
278,0.51000077,0.6000007
279,0.57000047,0.47000068
280,0.47000045,0.31
281,0.7900006,0.47000057
282,0.3400007,0.74000055
283,0.61000043,0.3200006
284,0.4400007,0.33999997
285,0.5100005,0.3
286,0.60000056,0.3
287,0.67000055,0.5600005
288,0.6600006,0.5200005
289,0.50000054,0.32
290,0.38000065,0.63000065
291,0.48000056,0.3
292,0.52000064,0.3
293,0.61000067,0.31
294,0.6000007,0.50000066
295,0.49000055,0.3400007
296,0.5500005,0.48000056
297,0.4300006,0.9100001
298,0.5600006,0.4400006
299,0.6200006,0.34999996
300,0.6600006,0.5700007
301,0.46000034,0.59000045
302,0.52000064,0.6800006
303,0.63000065,0.43000048
304,0.42000014,0.39000016
305,0.6600004,0.39000052
306,0.4800008,0.3100006
307,0.41000015,0.5300005
308,0.62000066,0.57000047
309,0.39000064,0.41000015
310,0.61000055,0.47000057
311,0.85000074,0.3500008
312,0.5400005,0.3
313,0.50000054,0.42000037
314,0.5500007,0.37000042
315,0.5700004,0.3
316,0.33999997,0.37000066
317,0.78000075,0.50000066
318,0.39000005,0.3
319,0.8400009,0.4000005
320,0.52000076,0.3400007
321,0.8100007,0.51000077
322,0.89000046,0.47000057
323,0.6100008,0.6300003
324,0.5700007,0.5700006
325,0.64000064,0.49000067
326,0.7100007,0.48000056
327,0.5200005,0.48000067
328,0.7400008,0.37000066
329,1.0299999,0.32999998
330,0.47000057,0.3300007
331,0.62000066,0.33999997
332,0.31,0.41000062
333,1.010001,0.3
334,0.5500005,0.3
335,0.70000064,0.3400008
336,0.45000058,0.6600003
337,0.63000065,0.32999998
338,0.7300004,0.62000066
339,0.53000075,0.3
340,0.3,0.45000058
341,0.3,0.31
342,0.45000035,0.5800007
343,0.40000063,0.5500007
344,0.6600006,0.33999997
345,0.3,0.39000064
346,0.3,0.65000063
347,0.8200007,0.75000066
348,0.6400009,0.7100006
349,0.7000006,0.5000008
350,0.4500001,0.49000055
351,0.3,0.8300007
352,0.46000057,0.4300006
353,0.46000057,0.4400007
354,0.33000034,0.5900007
355,0.65000063,0.37000066
356,0.48000056,0.49000067
357,0.4400006,0.7600007
358,0.48000067,0.3
359,0.52000076,0.49000067
360,0.3,0.41000015
361,1.0300006,0.8000007
362,0.7200003,0.6000007
363,0.87000024,0.3
364,0.67000073,0.58000046
365,0.5900007,0.36000043
366,0.67000085,0.75000066
367,0.7500008,0.31
368,0.4300006,0.52000076
369,0.5000008,0.51000065
370,0.3800004,0.33999997
371,0.4400006,0.3300001
372,0.46000057,0.37000066
373,0.45000058,0.5100009
374,0.6900003,0.79000074
375,0.83000064,0.4300006
376,0.9300003,0.60000044
377,0.7200008,0.36000007
378,0.6800005,0.48000067
379,0.4400006,0.6300004
380,0.57000047,0.5500005
381,0.9200003,0.9200008
382,0.37000066,0.35999995
383,0.91999996,0.52000076
384,0.50000054,0.5400005
385,0.83000064,0.5500007
386,0.7000006,0.46000057
387,0.8200007,0.49000067
388,0.6100008,0.90000093
389,0.4400006,0.3
390,0.53000057,0.39000052
391,0.32,0.44000047
392,0.59000057,0.48000067
393,0.70000064,0.3
394,0.8600007,0.34000057
395,0.44000083,0.6600004
396,0.50000054,0.39000064
397,0.5800007,0.36000043
398,0.6600004,0.3000006
399,0.32,0.6600006
400,0.34000057,0.78000075
401,0.6000007,0.5600007
402,0.3200007,0.45000058
403,0.67000073,1.0000008
404,0.32000047,0.50000054
405,0.8100005,0.3
406,0.96000075,0.74000084
407,0.5800008,0.3
408,0.3,0.5700006
409,0.39000064,0.5400006
410,0.41000074,0.3400007
411,0.3,0.5900009
412,0.4700008,0.7100008
413,0.4400003,0.4200006
414,0.5600007,0.45000046
415,0.4800008,0.5300005
416,0.48000032,0.36000067
417,0.3,0.3
418,0.7200008,0.3
419,0.53000075,0.5800007
420,0.5100005,0.5400005
421,0.7400008,0.52000076
422,0.78000075,0.69000083
423,0.45000058,0.35000044
424,0.6200001,0.9600008
425,0.3,0.46000057
426,0.31,0.5400005
427,0.9500003,0.31
428,0.6300004,0.31000024
429,0.67000085,0.7700002
430,0.36000007,0.88000035
431,1.0799999,0.49000078
432,0.51000065,0.3
433,0.5400006,0.47000057
434,0.5600007,0.9100007
435,0.38000035,0.40000075
436,0.7100006,0.40000063
437,0.37000066,0.51000065
438,0.5900007,0.5300005
439,0.35000068,0.7100006
440,0.3800004,0.40000063
441,0.46000022,0.3200006
442,0.3,0.39000005
443,0.7300008,0.3
444,0.62000066,0.47000068
445,0.5500006,0.52000076
446,0.7100008,0.5500005
447,0.48000056,0.3
448,0.33000058,0.41000062
449,0.74000055,0.4300006
450,0.60000044,0.45000058
451,0.72000057,0.60000044
452,0.6800006,0.4800008
453,0.5800006,0.47000057
454,0.3,0.40000075
455,0.36000067,0.40000087
456,0.74000055,0.5700007
457,0.66000086,0.6700006
458,0.6700006,0.45000046
459,0.37000054,0.38000065
460,0.3,0.44000083
461,0.47000057,0.75000066
462,0.77000076,0.49000078
463,0.7000008,0.51000065
464,0.5100005,0.39000064
465,0.38000077,0.3
466,0.50000066,0.4200006
467,0.5800006,0.62000066
468,0.5900007,0.32
469,0.5900007,0.40000063
470,0.69000036,0.43000072
471,0.3,0.3
472,0.4400006,0.3
473,0.78000075,0.5600006
474,0.5800007,0.39000076
475,0.45000046,0.5500005
476,0.37000066,0.39000064
477,0.31,0.49000055
478,0.30000073,0.3
479,0.50000054,0.7800007
480,0.6000007,0.4400006
481,0.45000058,0.3
482,0.31000048,0.35000068
483,0.6600006,0.3200006
484,0.8500009,0.3
485,0.7400008,0.5600006
486,0.31000012,0.64000064
487,0.7600006,0.3
488,0.61000067,0.53000075
489,0.6700006,0.79000074
490,0.37000066,0.4200006
491,0.6800007,0.5800007
492,0.5400006,0.72000057
493,0.3300007,0.5000006
494,0.41000062,0.34000057
495,0.52000064,0.6700006
496,0.7100008,0.3
497,0.64000076,0.9200005
498,0.3000006,0.5500005
499,0.65000063,0.41000062
500,0.3,0.34999996
501,0.5200005,0.33000058
502,0.46000046,0.47000057
503,0.68000084,0.3
504,0.7100007,0.5800008
505,0.49000043,0.3
506,0.3,0.3
507,0.33999997,0.3
508,0.48000056,0.31
509,0.67000073,0.31
510,0.41000015,0.3
511,0.5600007,0.8799999
512,0.5600005,0.3
513,0.8200009,0.6700004
514,0.3,0.38000053
515,0.43000072,0.38000065
516,0.54000086,0.49000055
517,0.39000088,0.5400006
518,0.5700007,0.31000072
519,0.5900005,0.45000058
520,0.82000077,0.33999997
521,0.46000057,0.62000054
522,0.41000062,0.4400006
523,0.52000076,0.3
524,0.4000005,0.63000065
525,0.3,0.5500006
526,0.8000007,0.3
527,0.45000058,0.31
528,0.48000067,0.33999997
529,0.7100007,0.50000054
530,0.31,0.4700008
531,0.61000067,0.3
532,0.5100004,0.5400005
533,0.42000073,0.3
534,0.59000057,0.3300007
535,0.57000095,0.5700007
536,0.40000063,0.3
537,0.48000056,0.31000072
538,0.7000006,0.45000082
539,0.6700006,0.3100006
540,0.39000005,0.49000067
541,0.8300007,0.3
542,0.8700008,0.62000066
543,0.40000015,0.39000016
544,0.51000077,0.49000055
545,0.61000067,0.3
546,0.37000042,0.7100008
547,0.52000064,0.3
548,0.61000055,0.3
549,0.75000054,0.3200006
550,0.34999996,0.3400008
551,0.79000074,0.63000065
552,0.41000062,0.3
553,0.8500007,0.38000065
554,0.44000083,0.45000035
555,0.4500007,0.5900006
556,0.8200007,0.3500002
557,0.5400004,0.5500008
558,0.6200008,0.34999996
559,0.33999997,0.5500005
560,0.65000045,0.45000058
561,0.50000054,0.3
562,0.47000057,0.31
563,0.35000068,0.3
564,0.6700006,0.5300005
565,0.95000076,0.5900007
566,0.7100006,0.38000065
567,0.79000074,0.31
568,0.35000068,0.39000052
569,0.3,0.8800009
570,0.4800008,0.38000065
571,0.9400002,0.8900007
572,0.8300006,0.38000053
573,0.30000013,0.3
574,0.33999997,0.3
575,0.61000067,0.6100009
576,0.9200008,0.72000057
577,0.61000067,0.35999995
578,0.6700006,0.4600008
579,0.47000057,0.58000016
580,0.81000096,0.3
581,0.40000063,0.45000058
582,0.98000026,0.6400005
583,0.72000057,0.36000055
584,0.4000004,0.3400007
585,0.5200005,0.43000084
586,0.5900007,0.31
587,0.49000067,0.35000068
588,0.5900007,0.52000064
589,0.35000008,0.3
590,0.50000054,0.76000077
591,0.40000075,0.5000008
592,0.6200008,0.49000055
593,0.7000006,0.36000007
594,0.5700007,0.37000066
595,0.32000047,0.4200006
596,0.49000055,0.6700006
597,0.49000055,0.3
598,0.46000057,0.31
599,0.59000045,0.41000062
600,0.35000044,0.3
601,0.89000076,0.3200007
602,0.3500002,0.31
603,0.8000007,0.3
604,0.4200005,0.45000058
605,0.33999997,0.5800007
606,0.31,0.4000004
607,0.6700007,0.3
608,0.3400007,0.58000064
609,0.45000058,0.3
610,0.54000074,0.35999995
611,0.88000077,0.5800007
612,0.5700007,0.54000074
613,0.39000064,0.3200007
614,0.51000065,0.39000064
615,0.7400008,0.3
616,0.7700007,0.3
617,0.5100005,0.4200006
618,0.61000043,0.64000064
619,0.52000076,0.49000078
620,0.5600006,0.50000054
621,0.32000047,0.3
622,0.5300004,0.5100005
623,0.46000057,0.63000053
624,0.61000043,0.6300003
625,0.3500002,0.3
626,0.53000075,0.41000062
627,0.59000045,0.8300005
628,0.6300006,0.51000077
629,0.65000063,0.8200007
630,0.38000065,0.42000073
631,0.6900006,0.39000064
632,0.5500005,0.50000066
633,0.49000055,0.5800007
634,0.3800004,0.60000044
635,0.3,0.3
636,0.43000036,0.33000058
637,0.40000063,0.33999997
638,0.5000008,0.6700006
639,0.52000064,0.3
640,0.56000084,0.57000047
641,0.4400006,0.4200006
642,0.3400007,0.34999996
643,0.3,0.8800009
644,0.3,0.49000067
645,0.8700007,0.34000057
646,0.6000007,0.45000046
647,0.3400007,0.5300006
648,0.31,0.5500007
649,0.5500005,0.79000074
650,0.47000057,0.6000007
651,0.61000067,0.37000066
652,0.5600007,0.40000063
653,0.5700007,0.62000054
654,0.53000075,0.49000043
655,0.5500007,0.5500005
656,0.5600007,0.4000004
657,0.7000008,0.35000068
658,0.66000056,0.35000044
659,0.5100005,0.5600007
660,0.35000068,0.32000047
661,0.48000067,0.46000057
662,0.49000078,0.36000055
663,0.43000054,0.34000057
664,0.4200006,0.38000065
665,0.7100006,0.36000043
666,0.3000006,0.3300007
667,0.33999997,0.50000054
668,0.49000078,0.48000067
669,0.3000005,0.49000055
670,0.47000068,0.31
671,0.3,0.8800009
672,0.59000045,0.51000065
673,0.5300005,0.33999997
674,0.49000067,0.4200006
675,0.7200003,0.41000038
676,0.48000067,0.31
677,0.5300006,0.5500007
678,0.59000057,0.37000006
679,0.4200006,0.38000065
680,0.62000066,0.8300007
681,0.530001,0.5500006
682,0.5100005,0.3
683,0.59000057,0.3
684,0.42000014,0.3300007
685,0.39000005,0.3
686,0.65000063,0.33999997
687,0.6000008,0.3800004
688,0.7400008,0.5900007
689,1.0200001,0.31
690,0.4800008,0.31
691,0.67000073,0.7500008
692,0.74000055,0.4500007
693,0.32000047,0.40000075
694,0.60000044,0.3
695,0.81000066,0.37000006
696,0.63000065,0.6000007
697,0.45000058,0.33999997
698,0.31000048,0.3
699,0.58000046,0.34999996
700,0.37000066,0.4100005
701,0.53000075,0.32999998
702,0.8100007,0.6800006
703,1.0600004,0.43000072
704,0.62000066,0.31
705,0.5800006,0.3
706,0.41000062,0.5800007
707,0.39000064,0.38000065
708,0.3,0.45000052
709,0.43000084,0.3
710,0.61000067,0.4700008
711,0.7500008,0.5000009
712,0.7000006,0.5000008
713,0.36000067,0.31
714,0.35000044,0.38000053
715,0.4400007,0.41000068
716,0.50000066,0.39000005
717,0.7100008,0.57000047
718,0.50000054,0.36000055
719,0.4000005,0.39000064
720,0.94000053,0.51000077
721,0.7000006,0.31
722,0.5000008,0.41000074
723,0.61000067,0.5700007
724,0.52000076,0.3
725,0.4000005,0.38000065
726,0.65000063,0.39000005
727,0.3,0.90000075
728,0.35000008,0.41000062
729,0.5800007,0.7000008
730,0.53000075,0.40000087
731,0.6700006,0.3
732,0.63000065,0.8300009
733,0.41000062,0.3
734,0.61000067,0.43000084
735,0.76000077,0.31
736,0.7100006,0.4200005
737,0.82000065,0.64000064
738,0.35000044,0.3200006
739,0.4600007,0.3
740,0.44000012,0.64000076
741,0.3,0.40000063
742,0.49000055,0.48000056
743,0.46000046,0.3
744,0.3,0.34000045
745,0.7100008,0.65000063
746,0.73000085,0.33999997
747,0.6700006,0.41000062
748,0.5400005,0.8100003
749,0.47000057,0.37000066
750,0.43000013,0.3
751,0.5100003,0.3
752,0.45000058,0.32
753,0.6200008,0.6900006
754,0.48000056,0.6000007
755,0.7200008,0.4500007
756,0.5000008,0.4900006
757,0.47000057,0.4600007
758,0.4500007,0.35000032
759,0.4400006,0.49000055
760,0.61000067,0.5600006
761,0.49000055,0.5800007
762,0.3200006,0.45000058
763,0.7700002,0.45000058
764,0.39000064,0.8700007
765,0.48000044,0.5700007
766,0.4000005,0.3600008
767,0.42000073,0.7500008
768,0.35000068,0.5100003
769,0.8200005,0.3
770,0.46000057,0.4700008
771,0.48000008,0.3
772,0.64000064,0.63000065
773,0.65000063,0.3
774,0.33000046,0.3
775,0.3,0.5500007
776,0.48000056,0.50000066
777,0.5700006,0.3
778,0.73000056,0.3
779,0.38000053,0.37000042
780,0.35000044,0.49000055
781,0.45000058,0.39000064
782,0.52000064,0.38000017
783,0.4300006,0.32
784,0.48000056,0.3
785,0.6000008,0.3
786,0.50000066,0.35999995
787,0.51000077,0.5800007
788,0.64000064,0.33999997
789,0.7000005,0.36000043
790,0.31,0.8100009
791,0.73000026,0.38000005
792,0.61000067,0.48000056
793,0.67000085,0.3
794,0.6600006,0.31
795,0.31000072,0.40000063
796,0.6700006,0.3
797,0.60000056,0.62000066
798,0.32999998,0.78000075
799,0.39000064,0.35000068
800,0.3,0.36000007
801,0.62000066,0.7500005
802,0.48000056,0.5300006
803,0.43000036,0.3
804,0.53000075,0.51000077
805,0.8800005,0.37000006
806,0.38000065,0.3
807,0.36000007,0.31
808,0.3,0.3
809,0.5200004,0.32
810,0.3,0.61000067
811,0.30000073,0.3
812,0.50000054,0.43000048
813,0.48000056,0.4200006
814,0.5400006,0.6000008
815,0.4300006,0.3
816,0.7100006,0.6200008
817,0.42000055,0.62000054
818,0.62000066,0.3
819,0.7500001,0.32
820,0.60000056,0.3
821,0.3,0.62000066
822,0.32000047,0.37000042
823,0.5400006,0.5100005
824,0.52000064,0.5300006
825,0.5700007,0.36000055
826,0.7900006,0.3
827,0.34999996,0.4400007
828,0.7000005,0.5900007
829,0.4400006,0.52000076
830,0.7800006,0.4600008
831,0.43000084,0.41000062
832,0.34999996,0.47000068
833,0.40000063,0.51000077
834,0.3400007,0.7900001
835,0.55000097,0.3
836,0.82000005,0.5400006
837,0.83000046,0.3
838,0.33999997,0.31
839,0.77000076,0.34000045
840,0.52000064,0.8000007
841,0.39000052,0.3
842,0.63000053,0.3
843,0.38000065,0.3
844,0.6300004,0.67000043
845,0.37000042,0.31
846,0.54000074,0.39000064
847,0.9300008,0.46000046
848,0.46000057,0.3600008
849,0.50000066,0.31
850,0.5300007,0.3
851,0.40000063,0.3
852,0.7100006,0.75000036
853,0.7000007,0.3000006
854,0.63000065,0.45000058
855,0.44000047,0.3
856,0.5500007,0.66000056
857,0.4200006,0.38000065
858,0.65000063,0.52000064
859,0.3500008,0.47000068
860,0.9700006,0.42000085
861,0.46000057,0.44000036
862,0.5400006,0.47000045
863,0.33999997,0.50000054
864,0.39000052,0.63000065
865,0.67000073,0.33999997
866,0.91000074,0.3
867,0.65000063,0.51000065
868,0.98,0.33999997
869,0.61000067,0.52000076
870,0.5500007,0.36000067
871,0.4300006,0.36000067
872,0.6500005,0.3
873,0.4100005,0.64000064
874,0.52000076,0.37000018
875,0.42000037,0.51000065
876,0.42000073,0.7100008
877,0.3400007,0.9000009
878,0.62000066,0.7200008
879,0.31,0.38000065
880,0.5300008,0.31
881,0.31,0.6400004
882,0.6000004,0.3300001
883,0.5300005,0.35000008
884,0.81000054,0.51000065
885,0.5900007,0.3000005
886,0.68000054,0.41000062
887,0.45000046,0.36000067
888,0.31000072,0.4400007
889,0.75000083,0.31
890,0.76000077,0.34000057
891,0.5300005,0.30000073
892,0.62000066,0.40000063
893,0.7200008,0.6900006
894,0.82000077,0.34999996
895,0.45000058,0.3300001
896,0.50000054,0.4400006
897,0.48000026,0.66000074
898,0.6800006,0.48000056
899,0.43000084,0.5700006
900,0.91000044,0.6600006
901,0.53000075,0.5400005
902,0.5700008,0.77000076
903,0.37000006,0.3
904,0.4200006,0.47000057
905,0.41000074,0.5900008
906,0.5200005,0.4200006
907,0.62000054,0.4400006
908,0.4000005,0.33999997
909,0.4400006,0.37000042
910,0.5500007,0.40000063
911,0.6900007,0.37000066
912,0.38000065,0.61000067
913,0.43000036,0.3
914,0.3,0.8500007
915,0.3,0.3
916,0.30000073,0.40000063
917,0.46000046,0.39000064
918,0.5200005,0.67000085
919,0.88000065,0.3800004
920,0.49000055,0.5900007
921,0.6300004,0.39000016
922,0.40000063,0.62000066
923,0.37000066,0.33000022
924,0.72000057,0.47000057
925,0.5600006,0.39000064
926,0.64000064,0.77000076
927,0.38000065,0.35000008
928,0.3,0.7700002
929,0.7500006,0.7500008
930,0.39000064,0.3400007
931,0.31,0.3300007
932,0.3100006,0.31
933,0.50000054,0.3200007
934,0.5500005,0.4700008
935,0.38000053,0.40000063
936,0.73000073,0.46000034
937,0.6700006,0.41000062
938,0.40000063,0.40000075
939,0.6000007,0.67000073
940,0.48000056,0.60000056
941,0.47000057,0.4300006
942,0.46000057,0.86000085
943,0.45000058,0.3200001
944,0.7000008,0.7200007
945,0.36000043,0.6000007
946,0.46000057,0.53000075
947,0.8000007,0.44000047
948,0.8500007,0.53000087
949,0.8500006,0.4200005
950,0.54000074,0.3
951,0.51000077,0.42000085
952,0.58000046,0.5800007
953,0.5700007,0.3500002
954,0.4200006,0.6200004
955,0.5400005,0.52000034
956,0.3,0.32
957,0.5800007,0.8200007
958,0.3300007,0.3500002
959,0.6500005,0.60000056
960,0.51000065,0.63000065
961,0.6600006,0.41000062
962,0.66000074,0.7300008
963,0.5600005,0.6300006
964,0.33999997,0.45000082
965,0.5400005,0.38000065
966,0.64000064,0.4600007
967,0.46000057,0.3
968,0.51000065,0.31
969,0.5000008,0.49000055
970,0.72000015,0.36000043
971,0.91000056,0.49000055
972,0.8100007,0.3
973,0.65000063,0.5000008
974,0.49000078,0.39000064
975,0.7100007,0.5200005
976,0.62000066,0.5700007
977,0.39000064,0.3
978,0.6000007,0.5200005
979,0.4900009,0.3
980,0.4600007,0.36000067
981,0.5300004,0.43000084
982,0.53000075,0.47000057
983,0.4400006,0.43000036
984,0.88000065,0.34000033
985,0.7300008,0.38000005
986,0.5000008,0.3
987,0.40000063,0.39000005
988,0.5300005,0.36000007
989,0.3,0.61000067
990,0.5600006,0.38000053
991,0.4200006,0.6800006
992,0.32,0.8000002
993,0.42000037,0.7700009
994,0.43000072,0.73000073
995,0.7500007,0.4400007
996,0.40000063,0.41000038
997,0.46000057,0.37000054
998,0.4400006,0.5600007
999,0.46000057,0.64000076
1000,0.6600006,1.000001
1001,0.66000086,0.7200007
1002,0.3,0.33000046
1003,0.40000063,0.32
1004,0.38000065,0.65000063
1005,0.7000007,0.65000063
1006,0.6000007,0.53000075
1007,0.49000043,0.39000064
1008,0.40000087,0.39000064
1009,0.58000046,0.49000067
1010,0.4300006,0.36000067
1011,0.7200008,0.3300007
1012,0.36000007,0.59000057
1013,0.51000077,0.34000045
1014,0.5100008,0.32
1015,0.44000083,0.3200007
1016,0.8800008,0.6200008
1017,0.4000005,0.43000084
1018,0.38000065,0.50000054
1019,0.47000057,0.52000076
1020,0.5600007,0.34000045
1021,0.6000007,0.39000016
1022,0.41000038,0.5400005
1023,0.3,0.6900006
1024,0.80000097,0.6800008
1025,0.36000067,0.5800004
1026,0.39000064,0.5800005
1027,0.52000064,0.63000053
1028,0.5600007,0.36000055
1029,0.48000056,0.63000077
1030,0.4300006,0.61000067
1031,0.52000076,0.42000037
1032,0.3900004,0.7100006
1033,0.7000008,0.3
1034,0.48000044,0.31000072
1035,0.8600008,0.3
1036,0.86000025,0.37000066
1037,0.9000009,0.3
1038,0.5500007,0.41000086
1039,0.65000063,0.7700002
1040,0.8800008,0.35000068
1041,0.46000057,0.33999997
1042,1.0,0.39000064
1043,0.37000078,0.62000066
1044,0.39000005,0.3
1045,1.03,0.66000086
1046,0.64000064,0.5500006
1047,0.4500007,0.32
1048,0.76000065,0.5500006
1049,0.61000067,0.3
1050,0.32,0.50000066
1051,0.44000012,0.31
1052,0.5800007,0.5700007
1053,0.48000056,0.36000055
1054,0.62000036,0.3
1055,0.76000077,0.3
1056,0.38000005,0.3
1057,0.4200006,0.3
1058,0.41000062,0.47000068
1059,0.71000075,0.65000075
1060,0.4000005,0.46000034
1061,0.46000028,0.31
1062,0.31000048,0.7600005
1063,0.39000064,0.3400007
1064,0.7600007,0.76000077
1065,0.5800007,0.4300006
1066,0.36000055,0.57000047
1067,0.64000064,0.3
1068,0.46000057,0.49000078
1069,0.5400005,0.53000075
1070,0.52000064,0.39000064
1071,0.3900004,0.31
1072,0.6800006,0.56000036
1073,0.5500006,0.8100009
1074,0.7000008,0.39000064
1075,0.41000062,0.5500006
1076,0.3300007,0.3
1077,0.49000055,0.3
1078,0.3,0.3
1079,0.33999997,0.4300006
1080,0.4300006,0.37000066
1081,0.54000074,0.78000087
1082,0.45000058,0.3
1083,0.6100008,0.48000067
1084,0.33999997,0.72000027
1085,0.3,0.76000047
1086,0.68000054,0.3
1087,0.7000006,0.5600006
1088,0.5600006,0.3400002
1089,0.81000066,0.30000073
1090,0.48000044,0.64000064
1091,0.7400007,0.4300006
1092,0.5500005,0.4700008
1093,0.33999997,0.40000063
1094,0.3200007,0.40000063
1095,0.5400004,0.3
1096,0.5600004,0.32999998
1097,0.4200006,0.61000067
1098,0.40000075,0.8600005
1099,0.8800001,0.37000066
1100,0.5600007,0.49000078
1101,0.8500008,0.30000013
1102,0.38000053,0.4400006
1103,0.72000057,0.3
1104,0.7100007,0.61000067
1105,0.7000005,0.38000065
1106,0.4600007,0.3
1107,0.6800006,0.38000065
1108,0.7800005,0.3
1109,0.57000047,0.5500006
1110,0.3300007,0.31
1111,0.45000058,0.36000067
1112,0.42000037,0.33000022
1113,0.6100008,0.52000076
1114,0.5800006,0.32
1115,0.9100002,0.7500008
1116,0.4400007,0.82000065
1117,0.3,0.41000015
1118,0.33999997,0.5700007
1119,0.3800004,0.5400006
1120,0.4400006,0.3
1121,1.0800003,0.53000075
1122,0.64000064,0.33999997
1123,0.75000054,0.33999997
1124,0.8500009,0.4400007
1125,0.80000097,0.3000006
1126,0.3,0.3
1127,0.3200006,0.4800008
1128,0.37000066,0.3
1129,0.42000037,0.39000064
1130,0.3,0.4300006
1131,0.8000007,0.5700007
1132,0.39000052,0.31
1133,0.6600006,0.47000057
1134,0.39000064,0.5500005
1135,0.50000054,0.37000066
1136,0.33000058,0.74000084
1137,0.5500005,0.41000062
1138,0.78000057,0.31
1139,0.32,0.3
1140,0.41000062,0.45000058
1141,0.35000044,0.49000055
1142,0.5700007,0.4600008
1143,0.4300006,0.3
1144,0.62000054,0.3
1145,0.4200006,0.3
1146,0.59000057,0.6400009
1147,0.45000058,0.31
1148,0.67000085,0.35000056
1149,0.9100007,0.64000064
1150,0.7200007,0.3
1151,0.41000015,0.41000015
1152,0.46000057,0.3
1153,0.7000006,0.5600005
1154,0.4400006,0.5600007
1155,0.35000056,0.8000007
1156,0.79000074,0.31
1157,0.32000023,0.45000058
1158,0.5500006,0.66000086
1159,0.97000027,0.39000076
1160,0.49000055,0.31
1161,0.3,0.4500007
1162,0.5700008,0.53000075
1163,0.4200006,0.45000058
1164,0.74000067,0.3
1165,0.49000055,0.67000073
1166,0.5200005,0.3
1167,0.35000068,0.73000056
1168,0.3300001,0.6900006
1169,0.61000067,0.49000055
1170,0.40000087,0.46000057
1171,0.4200006,0.9300006
1172,0.78000075,0.3
1173,0.51000065,0.40000063
1174,0.7500008,0.35000044
1175,0.30000073,0.41000062
1176,0.5500007,0.59000057
1177,0.45000058,0.33999997
1178,0.5500007,0.39000064
1179,0.41000062,0.3
1180,0.40000063,0.4800008
1181,0.49000055,1.0300004
1182,0.74000067,0.5800006
1183,0.8499998,0.40000063
1184,0.45000058,0.5800008
1185,0.3,0.34000045
1186,0.6800006,0.35000056
1187,0.3,0.59000045
1188,0.32000047,0.62000054
1189,0.88000035,0.6600006
1190,0.86000025,0.31
1191,0.5200005,0.3
1192,0.4200006,0.3
1193,0.49000078,0.7200008
1194,0.87000084,0.33999997
1195,0.4600008,0.5400006
1196,0.3000005,0.6000007
1197,0.31,0.40000063
1198,0.5200005,0.61000067
1199,0.5600007,0.38000005
1200,0.7100006,0.3
1201,0.3,0.31
1202,0.5800007,0.5900006
1203,0.3,0.65000063
1204,0.35000068,0.3
1205,0.35000008,0.51000047
1206,0.33999997,0.34999996
1207,0.62000066,0.40000015
1208,0.44000047,0.32
1209,0.48000067,0.3000005
1210,0.37000066,0.3
1211,0.4300006,0.63000065
1212,0.8700008,0.68000036
1213,0.31,0.41000074
1214,0.45000082,0.4200006
1215,0.3,0.7200008
1216,0.3,0.4200006
1217,0.51000077,0.3
1218,0.6900005,0.5500007
1219,0.37000066,0.34000057
1220,0.61000067,0.73000073
1221,0.46000034,0.34999996
1222,0.67000073,0.3
1223,0.4200006,0.69000083
1224,0.50000054,0.40000087
1225,0.47000045,0.5700007
1226,0.7500005,0.5900007
1227,0.6100008,0.3
1228,0.4200006,0.51000077
1229,0.5600005,0.54000074
1230,0.40000087,0.3400007
1231,0.7000007,0.51000065
1232,0.48000056,0.3
1233,0.46000057,0.31000084
1234,0.54000074,0.3
1235,0.78000075,0.5500006
1236,0.39000064,0.68000084
1237,0.60000056,0.45000082
1238,0.31000072,0.6400003
1239,1.0100005,0.3
1240,0.7300006,0.41000062
1241,0.4300006,0.32000035
1242,0.33999997,0.49000055
1243,0.3,0.4000004
1244,0.5700006,0.7200007
1245,0.7100007,0.79000074
1246,0.5900007,0.31
1247,0.3400002,0.36000067
1248,0.5800007,0.3
1249,0.3,0.3
1250,0.40000063,0.5800006
1251,0.58000034,0.52000076
1252,0.40000075,0.41000062
1253,0.31,0.46000057
1254,0.3,0.37000066
1255,0.63000065,0.3
1256,0.44000083,0.32
1257,0.32,0.3
1258,0.33999997,0.8900005
1259,0.9800006,0.5300006
1260,0.75000066,0.45000058
1261,0.39000064,0.41000068
1262,0.4200005,0.50000054
1263,0.4300006,0.5900007
1264,0.3,0.7000008
1265,0.7100008,0.53000075
1266,0.3000005,0.7000005
1267,0.83000064,0.44000012
1268,0.5400006,0.4700008
1269,0.6700006,0.43000048
1270,0.45000058,0.32
1271,0.48000056,0.3
1272,0.5200003,0.5300005
1273,0.6500004,0.31
1274,0.77000076,0.6800007
1275,0.9600007,0.3
1276,0.5600005,0.4400006
1277,0.77000076,0.43000072
1278,0.39000064,0.8000006
1279,0.6000007,0.40000063
1280,0.8100009,0.33999997
1281,0.6800006,0.42000085
1282,0.65000063,0.33999997
1283,0.35000056,0.4200006
1284,0.6800006,0.3300007
1285,0.37000078,0.73000056
1286,0.36000067,0.53000075
1287,0.86000067,0.31
1288,0.36000067,0.5100005
1289,0.7300007,0.41000015
1290,0.61000067,0.35000068
1291,0.7200008,0.4300006
1292,0.5600005,0.3
1293,0.5200005,0.5300005
1294,0.31000012,0.32
1295,0.41000062,0.80000055
1296,0.41000062,0.4300006
1297,0.41000062,0.35000068
1298,0.52000064,0.3
1299,0.40000063,0.39000064
1300,0.61000067,0.49000078
1301,0.62000054,0.48000056
1302,0.5600005,0.3
1303,0.31000036,0.37000006
1304,0.64000064,0.5900007
1305,0.39000064,0.5700007
1306,0.39000064,0.45000058
1307,0.53000075,0.7100008
1308,0.35000044,0.8000007
1309,0.55000085,0.7200007
1310,0.33000058,0.34000057
1311,0.34000045,0.5400006
1312,0.9200009,0.45000058
1313,0.6900006,0.3
1314,0.48000056,0.32
1315,0.5300005,0.3
1316,0.5900007,0.7000007
1317,0.48000056,0.63000065
1318,0.4000005,0.5000004
1319,0.75000066,0.31000072
1320,0.4200006,0.3
1321,0.32,0.3200007
1322,0.40000075,0.46000057
1323,0.36999995,0.39000064
1324,0.38000005,0.77000076
1325,0.5600007,0.3
1326,0.8000005,0.42000014
1327,0.5300005,0.31
1328,0.83000064,0.40000004
1329,0.5500005,0.31
1330,0.5300005,0.33999997
1331,0.7400008,0.88000065
1332,0.62000066,0.8000005
1333,0.5900007,0.7000007
1334,0.40000063,0.33999997
1335,0.47000057,0.38000065
1336,0.36000067,0.3900004
1337,0.4400006,0.3
1338,0.3,0.41000062
1339,0.4100005,0.3400007
1340,0.6900006,0.8500009
1341,0.5500007,0.41000003
1342,0.3,0.3300007
1343,0.4600008,0.7200008
1344,0.33999997,0.4200005
1345,0.38000005,0.3200007
1346,0.5500005,0.54000074
1347,0.48000056,0.40000063
1348,0.37000018,0.3
1349,0.52000076,0.43000084
1350,0.36000067,0.33999997
1351,0.6100009,0.31
1352,0.74000055,0.6400005
1353,0.4200006,0.47000057
1354,0.3200001,0.32999998
1355,0.5100005,0.46000034
1356,0.61000067,0.35000068
1357,0.68000066,0.74000055
1358,0.3,0.5300006
1359,0.4600008,0.34999996
1360,0.61000067,0.64000064
1361,0.5700006,0.4200006
1362,0.35000068,0.3
1363,0.60000056,0.3
1364,0.3,0.37000066
1365,0.5200005,0.5300005
1366,0.61000067,0.7000006
1367,0.77000076,0.4500007
1368,0.36000055,0.54000086
1369,0.6600006,0.3
1370,0.31,0.3400001
1371,0.3,0.39000005
1372,0.4000005,0.35000032
1373,0.49000067,0.39000064
1374,0.8500007,0.35000068
1375,0.37000018,0.3
1376,0.6200001,0.45000082
1377,0.36000055,0.6000008
1378,0.45000058,0.3
1379,0.41000074,0.3
1380,0.49000055,0.4500007
1381,0.5600007,0.3
1382,0.8900009,0.36000055
1383,0.78000075,0.4400006
1384,0.35000068,0.51000065
1385,0.45000058,0.4300006
1386,0.61000067,0.4700008
1387,0.5700007,0.7500007
1388,0.7100008,0.3
1389,0.6100009,0.76000047
1390,0.59000045,0.32999998
1391,0.50000066,0.3
1392,0.45000058,0.59000045
1393,0.6600006,0.65000075
1394,0.33000046,0.47000057
1395,0.33999997,0.5500006
1396,0.5500006,0.45000035
1397,0.8000007,0.31
1398,0.85000086,0.3
1399,0.63000065,0.31
1400,0.5900007,0.5800006
1401,0.65000063,0.30000073
1402,0.58000046,0.70000076
1403,0.6200006,0.4200006
1404,0.72000057,0.5200005
1405,0.47000057,0.68000084
1406,0.3800004,0.36000043
1407,0.4200006,0.4400006
1408,0.8100004,0.6200005
1409,0.42000085,0.33000046
1410,0.92000043,0.63000065
1411,0.4300006,0.31
1412,0.59000057,0.44000083
1413,0.7200005,0.38000065
1414,0.46000057,0.52000076
1415,0.6600006,0.6900006
1416,0.62000066,0.5500007
1417,0.4000005,0.52000064
1418,0.72000045,0.35000068
1419,0.53000075,0.3
1420,0.3,0.8000007
1421,0.8200006,0.3800004
1422,0.3200007,0.7300008
1423,0.54000074,0.74000084
1424,0.58000046,0.5900007
1425,0.38000017,0.9600003
1426,0.4200006,0.3
1427,0.61000067,0.3400007
1428,0.30000073,0.6600005
1429,0.46000057,0.39000064
1430,1.0300004,0.33999997
1431,0.82000077,0.35000068
1432,0.3,0.80000085
1433,0.50000054,0.32
1434,0.49000078,0.3
1435,0.65000075,0.37000054
1436,0.5000008,0.33000046
1437,0.4600007,0.7000007
1438,0.38000053,0.3400007
1439,0.62000066,0.49000067
1440,0.65000063,0.5500005
1441,0.43000036,0.35000068
1442,0.50000054,0.6000008
1443,0.63000053,0.3
1444,0.5900007,0.5600006
1445,0.41000038,0.5600006
1446,0.3,0.3
1447,0.3,0.38000065
1448,0.38000065,0.62000066
1449,0.60000056,0.36000007
1450,0.36000067,0.31000048
1451,0.3200006,0.3
1452,0.58000064,0.40000063
1453,0.38000005,0.5800007
1454,0.52000064,0.4300006
1455,0.64000064,0.3
1456,0.4800008,0.31000072
1457,0.59000057,0.6900007
1458,0.36000055,0.40000063
1459,0.8400007,0.33999997
1460,0.43000072,0.30000073
1461,0.6200009,0.32999998
1462,0.76000065,0.67000085
1463,0.51000065,0.3
1464,0.3,0.3800004
1465,0.72000086,0.3800004
1466,0.6600005,0.6800006
1467,0.4900003,0.51000065
1468,0.48000056,0.31000048
1469,0.6200004,0.37000054
1470,0.46000046,0.5900007
1471,0.67000043,0.33999997
1472,0.5300006,0.35000068
1473,0.7000008,0.3
1474,0.31000072,0.3500002
1475,0.33999997,0.3800004
1476,0.4000004,0.33999997
1477,0.42000014,0.5900007
1478,0.6800006,0.31
1479,0.54000074,0.31000072
1480,0.8900006,0.5500005
1481,0.3400001,0.35000068
1482,0.68000084,0.3
1483,0.4400006,0.51000065
1484,0.3,0.31000072
1485,0.64000064,0.47000057
1486,0.34000045,0.39000064
1487,0.6000007,0.51000065
1488,0.31,0.34999996
1489,0.9300003,0.40000063
1490,0.5900007,0.3
1491,0.49000072,0.4100005
1492,0.63000053,0.53000075
1493,0.3200007,0.5200005
1494,0.5600007,0.34000045
1495,0.77000064,0.3200001
1496,0.65000075,0.36000067
1497,0.87000066,0.3500008
1498,0.76000077,0.39000052
1499,0.3,0.57000047
1500,0.42000073,0.33000022
1501,0.8300008,0.5200005
1502,0.49000055,0.46000034
1503,0.39000064,0.3
1504,0.67000055,0.5900007
1505,0.6600006,0.37000054
1506,0.31000012,0.52000076
1507,0.45000058,0.52000076
1508,0.40000063,0.3400007
1509,0.8200007,0.3
1510,0.4200005,0.3
1511,0.3,0.42000073
1512,0.40000063,0.4000005
1513,0.5500006,0.34000093
1514,0.7100008,0.4200006
1515,0.34000057,0.6700004
1516,0.6200009,0.49000078
1517,0.3,0.6600007
1518,0.6900007,0.3
1519,0.9200005,0.3
1520,0.7000005,0.3300001
1521,0.8200002,0.3300007
1522,0.8200007,0.4300006
1523,0.40000075,0.59000075
1524,0.4400006,0.39000052
1525,0.6000008,0.58000076
1526,0.61000055,0.61000067
1527,0.3,0.3
1528,0.53000075,0.6400009
1529,0.4000005,0.8200008
1530,0.7900008,0.3
1531,0.5900007,0.3
1532,0.67000073,0.37000006
1533,0.32999998,0.3
1534,0.59000045,0.45000058
1535,0.6000007,0.33000058
1536,0.6400005,0.54000074
1537,0.5300005,0.3
1538,0.4400006,0.48000067
1539,0.32,0.31
1540,0.47000057,0.32999998
1541,0.57000047,0.34000057
1542,0.75000054,0.4300006
1543,0.68000084,0.49000067
1544,0.48000067,0.3
1545,0.34000057,0.38000065
1546,0.8800007,0.4200006
1547,0.5100005,0.3
1548,0.41000062,0.3
1549,0.31,0.3400008
1550,0.37000054,0.7800005
1551,0.6000007,0.73000026
1552,0.5900007,0.4400007
1553,1.2500001,0.32
1554,0.45000058,0.40000063
1555,0.74000055,0.5400006
1556,0.5700006,0.31
1557,0.32000023,0.3200007
1558,0.8200006,0.38000077
1559,0.61000043,0.30000097
1560,0.65000063,0.5300006
1561,0.7200007,0.3400007
1562,0.7600005,0.63000065
1563,0.3,0.36999995
1564,0.40000063,0.59000057
1565,0.5300005,0.45000058
1566,0.3300001,0.33999997
1567,0.48000056,0.47000068
1568,0.9600004,0.6900006
1569,0.3800009,0.5900007
1570,0.6500009,0.35000056
1571,0.6900003,0.3
1572,0.34000057,0.50000054
1573,0.67000055,0.3
1574,0.33999997,0.31
1575,0.49000055,0.45000035
1576,0.5100005,0.41000038
1577,0.65000075,0.5300005
1578,0.8600006,0.7100008
1579,0.48000056,0.4900006
1580,0.36000043,0.31000048
1581,0.7100006,0.5300005
1582,0.5300005,0.38000065
1583,0.32,0.7300008
1584,0.31,0.52000076
1585,0.63000065,0.48000056
1586,0.63000077,0.3
1587,0.78000057,0.3
1588,0.49000078,0.31
1589,0.64000076,0.45000058
1590,0.4000004,0.33999997
1591,0.36000067,0.3200006
1592,0.3400007,0.3
1593,0.3300007,0.5500006
1594,0.5700007,0.41000062
1595,0.65000063,0.3400007
1596,0.35000068,0.6800006
1597,0.42000037,0.39000064
1598,0.33999997,0.5700007
1599,0.65000063,0.4400006
1600,0.6900007,0.3000005
1601,0.37000066,0.7400008
1602,0.59000045,0.36000055
1603,0.40000015,0.38000065
1604,0.48000067,0.33000046
1605,0.4200006,0.40000063
1606,0.41000062,0.63000053
1607,0.5000002,0.51000065
1608,0.6100006,0.5300005
1609,0.6400004,0.3
1610,0.5400004,0.32
1611,0.37000066,0.5500006
1612,0.3300007,0.5500005
1613,0.32999998,0.3300007
1614,0.3,0.4700008
1615,0.77000046,0.3
1616,0.60000056,0.4700008
1617,0.6800007,0.49000078
1618,0.53000075,0.3400007
1619,0.45000082,0.5600004
1620,0.3,0.7000007
1621,0.38000005,0.3100006
1622,0.62000054,0.5600007
1623,0.93000066,0.4700005
1624,0.3400007,0.31000072
1625,0.6000008,0.33999997
1626,0.65000063,0.32999998
1627,0.5700007,0.33999997
1628,0.51000077,0.43000072
1629,0.3,0.34000045
1630,0.6500005,0.45000058
1631,0.64000076,0.47000057
1632,0.5600007,0.7700002
1633,0.6100007,0.5500005
1634,0.36000055,0.3
1635,0.64000064,0.38000065
1636,0.74000067,0.38000005
1637,0.4200006,0.54000074
1638,0.4700008,0.5700003
1639,0.5900007,0.3200007
1640,0.31000048,0.3
1641,0.31,0.45000058
1642,0.37000066,0.40000063
1643,0.57000047,0.38000053
1644,0.49000067,0.33999997
1645,0.36000043,0.34999996
1646,0.4300006,0.6400006
1647,0.36000043,0.40000063
1648,0.5800007,0.46000057
1649,0.88000095,0.5300005
1650,0.64000034,0.74000067
1651,0.5800004,0.3
1652,0.59000075,0.92000043
1653,0.40000015,0.4300006
1654,0.5700007,0.8600007
1655,0.78000045,0.4500007
1656,0.7300008,0.4400007
1657,0.68000054,0.33999997
1658,0.59000057,0.37000054
1659,0.8200006,0.5900007
1660,0.7000003,0.3
1661,0.72000057,0.41000038
1662,0.3,0.62000066
1663,0.47000068,0.3
1664,0.50000054,0.73000056
1665,0.3900007,0.3
1666,0.3700009,0.64000064
1667,0.50000054,0.3
1668,0.37000006,0.37000054
1669,0.39000064,0.33999997
1670,0.62000066,0.3
1671,0.5500005,0.62000036
1672,0.6100003,0.63000077
1673,0.41000038,0.87000054
1674,0.4300006,0.4400006
1675,0.59000045,0.31000012
1676,0.4800008,0.30000073
1677,0.84000045,0.3300007
1678,0.7200008,0.47000033
1679,0.5900008,0.51000077
1680,0.6600006,0.39000064
1681,0.63000065,0.4600007
1682,0.3,0.49000055
1683,0.43000072,0.47000057
1684,0.41000062,0.31000072
1685,0.60000044,0.3
1686,0.35000032,0.32999998
1687,0.58000046,0.35000044
1688,0.66000086,0.31000048
1689,0.68000066,0.31
1690,0.7300005,0.3
1691,0.4000005,0.4500007
1692,0.5100005,0.3
1693,0.5300006,0.50000054
1694,0.96000075,0.8600009
1695,0.6400009,0.5500006
1696,0.38000053,0.32999998
1697,0.48000044,1.08
1698,0.6000007,0.7400001
1699,0.42000073,0.41000062
1700,0.4100005,0.47000057
1701,0.5700007,0.3000005
1702,0.62000066,0.3
1703,0.64000076,0.47000033
1704,0.5700007,0.48000056
1705,0.46000057,0.44000024
1706,0.33999997,0.32
1707,0.7400008,0.63000065
1708,0.5200005,0.44000012
1709,0.58000034,0.43000072
1710,0.3,0.61000055
1711,0.61000067,0.4300006
1712,0.3200006,0.32
1713,0.7100008,0.3
1714,0.40000063,0.4700008
1715,1.0100007,0.4300006
1716,0.5300005,0.3100006
1717,0.3,0.40000063
1718,0.5300005,0.3
1719,0.62000066,0.7700006
1720,0.50000054,0.73000056
1721,0.4200006,0.3
1722,0.53000075,0.37000018
1723,0.9400004,0.3
1724,0.37000078,0.7000008
1725,0.40000015,0.33999997
1726,0.5600007,0.32999998
1727,0.62000066,0.36000055
1728,0.51000065,0.31
1729,0.7200007,0.47000068
1730,0.40000063,0.31
1731,0.8200008,0.3
1732,0.5800006,0.5300005
1733,0.5600006,0.5300005
1734,0.5600006,0.5700007
1735,0.38000065,0.38000065
1736,0.53000075,0.31000072
1737,0.39000064,0.5800007
1738,0.32999998,0.69000083
1739,0.49000055,0.49000043
1740,0.6200004,0.3
1741,0.8500007,0.5700007
1742,1.0899999,0.37000078
1743,0.4300006,0.5600007
1744,0.3,0.6600006
1745,0.79000074,0.3
1746,0.3200007,0.52000076
1747,0.39000064,0.5400004
1748,0.8800006,0.3
1749,0.3400007,0.3
1750,0.54000074,0.3
1751,0.3,0.43000072
1752,0.4300006,0.3
1753,0.41000086,0.3
1754,0.34000045,0.6000009
1755,0.6900006,0.3
1756,0.5400006,0.65000063
1757,0.31000072,0.41000074
1758,0.86000067,0.62000066
1759,0.33000046,0.39000005
1760,0.3200006,0.3
1761,0.4400006,0.7300007
1762,0.48000056,0.59000057
1763,0.6000007,0.5800006
1764,0.5100005,0.51000065
1765,0.38000017,0.31000048
1766,0.67000085,0.3
1767,0.3400001,0.4000005
1768,0.50000054,0.6300006
1769,0.5700007,0.62000066
1770,0.6400005,0.49000043
1771,0.5900005,0.34999996
1772,0.3,0.31
1773,0.4200006,0.75000066
1774,0.6600005,0.63000077
1775,0.6800009,0.45000058
1776,0.74000067,0.80000085
1777,0.64000064,0.3
1778,0.48000056,0.3
1779,0.65000063,0.35000008
1780,0.49000078,0.4400006
1781,0.48000067,0.3
1782,0.5400006,0.5400005
1783,0.6200008,0.68000084
1784,0.33000046,0.4400006
1785,0.5300006,0.38000065
1786,0.35000044,0.99000025
1787,0.87000084,0.31
1788,0.7200007,0.3
1789,0.8500006,0.3
1790,0.44000083,0.3
1791,0.49000055,0.31
1792,0.41000062,0.37000042
1793,0.95000064,0.6800008
1794,0.7300007,0.8100008
1795,0.7500008,0.48000056
1796,0.37000066,0.3
1797,0.5700007,0.6600006
1798,0.3,0.38000053
1799,0.5800007,0.5800007
1800,0.7300007,0.4400006
1801,0.5400006,0.41000062
1802,0.4100005,0.40000063
1803,0.7000008,0.67000073
1804,0.8400007,0.5000008
1805,0.3,0.52000064
1806,0.53000075,0.32
1807,0.50000066,0.32
1808,0.7100006,0.64000064
1809,0.3500002,0.35000056
1810,0.4200006,0.4200006
1811,0.62000066,0.5300005
1812,0.52000064,0.6800007
1813,0.41000062,0.3
1814,0.48000056,0.59000057
1815,0.8300008,0.63000065
1816,0.5300006,0.43000072
1817,0.7300008,0.3
1818,0.65000063,0.32
1819,0.51000065,0.49000078
1820,0.3,0.3200007
1821,0.91000044,0.3
1822,0.65000063,0.39000064
1823,0.7000008,0.61000067
1824,0.5400006,0.55000085
1825,0.62000066,0.31
1826,0.4000004,0.45000058
1827,0.37000006,0.41000062
1828,0.75000083,0.31
1829,0.32999998,0.3300007
1830,0.44000083,0.4400007
1831,0.36000067,0.35000044
1832,0.63000065,0.7000003
1833,0.6000007,0.63000077
1834,0.43000048,0.5900007
1835,0.6700006,0.6800007
1836,0.35000044,0.3300007
1837,0.38000065,0.4000005
1838,0.8900007,0.31000072
1839,0.5600006,0.5600005
1840,0.5400006,0.3
1841,0.74000055,0.3
1842,0.33999997,0.3
1843,0.7000008,0.3
1844,0.38000005,0.4600008
1845,0.9400003,0.3
1846,0.3,0.64000064
1847,0.5800007,0.36000043
1848,0.35000068,0.3000005
1849,0.5100005,0.31
1850,0.77000064,0.60000044
1851,0.54000074,0.33000022
1852,0.68000084,0.4300006
1853,0.45000058,0.5600007
1854,0.63000065,0.64000064
1855,0.49000055,0.530001
1856,0.40000063,0.3
1857,0.5900007,0.35000056
1858,0.5500007,0.5500005
1859,0.5500007,0.31
1860,0.7600007,0.39000064
1861,0.5900007,0.48000067
1862,0.6700006,0.31
1863,0.61000067,0.33000058
1864,0.34999996,0.37000042
1865,0.5100004,0.5300006
1866,0.5400006,0.49000078
1867,0.47000057,0.5600006
1868,0.4200006,0.6900007
1869,0.6800007,0.4800008
1870,0.31000048,0.32000047
1871,0.52000064,0.3
1872,0.5200005,0.3
1873,0.4400007,0.93000084
1874,0.31000048,0.41000062
1875,0.5300005,0.3
1876,0.3,0.3
1877,0.3000005,0.5000008
1878,0.31000072,0.3200001
1879,0.34999996,0.6800005
1880,0.4400006,0.43000048
1881,1.1199999,0.4200006
1882,0.6600004,0.3
1883,0.5300005,0.5600005
1884,0.46000057,0.7300008
1885,0.40000063,0.5300005
1886,0.6600006,0.3200007
1887,0.31,0.52000076
1888,0.3300001,0.6500004
1889,0.57000047,0.4000005
1890,0.69000083,0.40000063
1891,0.6700005,0.3
1892,0.73000044,0.63000065
1893,0.51000077,0.45000088
1894,0.49000078,0.5800006
1895,0.67000085,0.36000043
1896,0.51000065,0.3
1897,0.6000007,0.7400007
1898,0.48000056,0.5900007
1899,0.6000007,0.33999997
1900,0.5400005,0.6000007
1901,0.31000048,0.88000023
1902,0.49000078,0.54000074
1903,0.6500004,0.4700008
1904,0.6100004,0.5300006
1905,0.6000007,0.4900003
1906,0.9400008,0.64000064
1907,0.48000056,0.39000064
1908,0.4400007,0.5400004
1909,0.64000076,0.48000056
1910,0.52000064,0.3
1911,0.54000074,0.62000054
1912,0.31,0.50000054
1913,0.35000044,0.4600007
1914,0.5600005,0.3
1915,0.67000085,0.3
1916,0.32,0.62000054
1917,0.5500007,0.31
1918,0.7500006,0.6800007
1919,0.45000082,0.4200006
1920,0.33999997,0.38000065
1921,0.97,0.3
1922,0.4400006,0.3
1923,0.40000015,0.5300005
1924,0.8000006,0.5400005
1925,0.31,0.47000068
1926,0.5600005,0.39000064
1927,0.49000055,0.3400007
1928,0.39000016,0.32
1929,0.6800008,0.41000062
1930,0.34999996,0.59000057
1931,0.43000048,0.5200006
1932,0.5600005,0.31000072
1933,0.49000055,0.36000043
1934,0.39000064,0.3
1935,0.3500008,0.31
1936,0.6100008,0.7300008
1937,0.38000017,0.3
1938,0.70000035,0.3300007
1939,0.35000056,0.48000056
1940,0.76000077,0.3
1941,0.7300008,0.34999996
1942,0.51000077,0.59000045
1943,0.3,0.45000058
1944,0.61000067,0.35000068
1945,0.43000036,0.5500007
1946,0.39000076,0.35999995
1947,0.3000005,0.8500004
1948,0.43000084,0.47000057
1949,0.3800004,0.31
1950,0.5700007,0.33999997
1951,0.5500007,0.5300006
1952,0.5800007,0.32
1953,0.82000077,0.4200006
1954,0.5500005,0.62000066
1955,0.62000054,0.46000034
1956,0.6400004,0.49000055
1957,0.5700007,0.39000064
1958,0.47000057,0.49000043
1959,0.51000065,0.4800008
1960,0.44000036,0.6600006
1961,0.6800006,0.43000066
1962,0.7300008,0.61000055
1963,0.7100008,0.4400007
1964,0.7100006,0.47000057
1965,0.8700009,0.79000074
1966,0.61000067,0.41000038
1967,0.69000065,0.5000004
1968,0.31,0.39000064
1969,0.38000065,0.32
1970,0.34999996,0.7500008
1971,0.61000067,0.31000012
1972,0.4300006,0.5800007
1973,0.65000063,0.5800008
1974,0.5700007,0.4200005
1975,0.59000057,0.6800007
1976,0.45000058,0.8300005
1977,0.6000007,0.39000005
1978,0.4700008,0.76000035
1979,0.52000076,0.47000057
1980,0.4600008,0.7100008
1981,0.5600007,0.60000044
1982,0.5300005,0.36000067
1983,0.32000047,0.46000057
1984,0.65000075,0.3
1985,0.7000008,0.64000064
1986,0.38000065,0.37000066
1987,0.5700007,0.4800008
1988,0.63000065,0.3900004
1989,0.7300008,0.3
1990,0.4200005,0.7100008
1991,0.48000067,0.7000005
1992,0.3,0.63000077
1993,0.4200006,0.3200007
1994,0.61000067,0.41000086
1995,0.59000057,0.4600004
1996,0.86000067,0.4000005
1997,0.7100007,0.33000058
1998,0.6400004,0.33999997
1999,0.45000058,0.3400007
2000,0.4000005,0.4600007
2001,0.51000065,0.44000083
2002,0.45000058,0.8000003
2003,0.8300005,0.3
2004,0.49000055,0.63000065
2005,0.83000076,0.3000005
2006,0.38000065,0.6000007
2007,0.5800006,0.3
2008,0.9600005,0.4400006
2009,0.41000062,0.42000085
2010,0.4300006,0.67000085
2011,0.48000044,0.6400004
2012,0.5700007,0.5000008
2013,0.4300006,0.4600007
2014,0.9300009,0.5700007
2015,0.3,0.31000024
2016,0.5700007,0.3
2017,0.5600005,0.52000076
2018,0.38000065,0.3
2019,0.57000047,0.5400006
2020,0.62000066,0.4400006
2021,0.6200004,0.45000058
2022,0.49000078,0.3400007
2023,0.38000005,0.6500005
2024,0.6600006,0.6900007
2025,0.38000065,0.6300008
2026,0.50000054,0.6400009
2027,0.31,0.38000065
2028,0.8300003,0.63000077
2029,0.35000068,0.3800004
2030,0.72000027,0.6400004
2031,0.73000056,0.65000075
2032,0.66000074,0.3
2033,0.4200006,0.8500008
2034,0.8100005,0.3300007
2035,0.78000075,0.61000067
2036,0.6000007,0.5100005
2037,0.61000067,0.63000065
2038,0.31,0.49000067
2039,0.50000054,0.8000003
2040,0.8300007,0.3
2041,0.65000063,0.58000094
2042,0.75000083,0.3
2043,0.46000057,0.7500008
2044,0.5900007,0.34000057
2045,0.52000076,0.32000083
2046,0.5300005,0.5500005
2047,0.49000055,0.5800007
2048,0.5800007,0.64000064
2049,0.5500005,0.48000056
2050,0.6300009,0.61000067
2051,0.6800006,0.45000058
2052,0.46000057,0.5500005
2053,0.7400008,0.3
2054,0.6000002,0.3800004
2055,0.39000064,0.4400007
2056,0.7500006,0.34000045
2057,0.36000043,0.5000008
2058,0.34999996,0.3
2059,0.4200006,0.3200006
2060,0.38000065,0.5600007
2061,0.33999997,0.41000062
2062,0.32,0.3800004
2063,1.1399997,0.6500009
2064,0.41000062,0.45000058
2065,0.5700007,0.36000007
2066,0.40000063,0.3
2067,0.41000062,0.34000033
2068,0.49000078,0.65000075
2069,0.5600005,0.5700007
2070,0.64000064,0.39000005
2071,0.46000057,0.35000068
2072,0.53000075,0.5500007
2073,0.5700006,0.5900007
2074,0.3,0.46000057
2075,0.48000067,0.46000075
2076,0.7400008,0.3
2077,0.66000086,0.34999996
2078,0.49000043,0.31
2079,0.4300006,0.51000065
2080,0.77000064,0.3800004
2081,0.5300005,0.71000075
2082,0.52000076,0.3
2083,0.6000007,0.3
2084,0.5700006,0.52000076
2085,0.73000056,0.4300006
2086,0.62000066,0.5300005
2087,0.5500005,0.40000063
2088,0.9800008,0.32999998
2089,0.38000065,0.8100002
2090,0.5900007,0.41000062
2091,0.4400006,0.5900007
2092,0.59000057,0.75000066
2093,0.3800004,0.5000008
2094,0.61000067,0.85000014
2095,0.48000056,0.49000055
2096,0.33999997,0.67000073
2097,0.7700008,0.33999997
2098,0.7100008,0.41000074
2099,0.46000057,0.63000065
2100,0.61000043,0.6200006
2101,0.62000066,0.31
2102,0.40000063,0.34999996
2103,0.5700007,0.73000085
2104,0.37000042,0.79000056
2105,0.6400009,0.4700008
2106,0.74000067,0.34000045
2107,0.61000055,0.33000022
2108,1.0500002,0.6400009
2109,0.35000008,0.3
2110,0.50000054,0.43000084
2111,0.50000054,0.33999997
2112,0.50000066,0.7000008
2113,0.6700006,0.48000056
2114,0.6400009,0.46000057
2115,0.50000054,0.34000045
2116,0.5300005,0.3
2117,0.63000065,0.7200007
2118,0.5200001,0.34999996
2119,0.7600007,0.7400008
2120,0.6800006,0.45000058
2121,0.51000077,0.3200006
2122,0.3400007,0.41000062
2123,0.62000066,0.7100006
2124,0.46000034,0.37000042
2125,0.4600008,0.3300007
2126,0.7200007,0.3
2127,0.31,0.51000077
2128,0.8400007,0.7900007
2129,0.4300006,0.37000042
2130,0.5600007,0.61000067
2131,0.75000054,0.3
2132,0.36000055,0.67000073
2133,0.3,0.48000056
2134,0.39000064,0.4800008
2135,0.5000008,0.7200007
2136,0.57000047,0.67000073
2137,0.52000064,0.3
2138,0.69000083,0.3900004
2139,0.39000064,0.4200006
2140,0.69000053,0.3
2141,0.32000047,0.32000047
2142,0.5200003,0.8100007
2143,0.34000045,0.7900008
2144,0.74000025,0.35000068
2145,0.3,0.48000056
2146,0.48000056,0.50000054
2147,0.5300005,0.6100008
2148,0.7100007,0.3
2149,0.6500006,0.5500006
2150,0.43000072,0.37000066
2151,0.3300007,0.5400005
2152,0.9500005,0.61000067
2153,0.37000006,0.64000064
2154,0.43000084,0.3400007
2155,0.73000073,0.33000046
2156,0.59000075,0.5000008
2157,0.3100006,0.3
2158,0.45000046,0.31
2159,0.5500007,0.3200001
2160,0.7900008,0.3400007
2161,0.77000076,0.3
2162,0.54000074,0.6000007
2163,0.47000057,0.7400008
2164,0.8000007,0.60000044
2165,0.5700008,0.43000084
2166,0.67000085,0.41000074
2167,0.58000046,0.3
2168,0.54000074,0.4200006
2169,0.3,0.4100005
2170,0.38000065,0.38000005
2171,0.77000076,0.43000036
2172,0.6500009,0.6500004
2173,0.32000047,0.3
2174,0.76000065,0.37000042
2175,0.34000045,0.3
2176,0.56000036,0.3
2177,0.47000057,0.40000075
2178,0.45000046,0.43000084
2179,0.5500005,0.3
2180,0.3,0.4000005
2181,0.48000056,0.48000067
2182,0.72000074,0.32
2183,0.6000007,0.6100008
2184,0.7100007,0.50000054
2185,0.7800006,0.3
2186,0.65000063,0.8000007
2187,0.74000084,0.3
2188,0.48000067,0.34999996
2189,0.5300005,0.52000076
2190,0.47000057,0.38000005
2191,0.91000074,0.45000058
2192,0.5900007,0.8400007
2193,0.8300007,0.54000074
2194,0.3,0.7000004
2195,0.31,0.50000054
2196,0.3800004,0.51000077
2197,0.72000057,0.3
2198,0.4900003,0.7800007
2199,0.8400007,0.5500006
2200,0.8600005,0.31
2201,0.7600009,0.49000078
2202,0.42000037,0.31
2203,0.6600006,0.46000057
2204,0.7100008,0.59000057
2205,0.5600006,0.4600008
2206,0.63000065,0.34000045
2207,0.73000044,0.51000077
2208,0.8600009,0.47000068
2209,0.41000062,0.7200008
2210,0.6200009,0.49000067
2211,0.43000013,0.49000078
2212,0.3,0.73000056
2213,0.52000064,0.4400006
2214,0.7000007,0.5700008
2215,0.92000055,0.7300008
2216,0.39000016,0.72000057
2217,0.37000018,0.5300006
2218,0.39000016,0.3
2219,1.0100007,0.3
2220,0.5800007,0.64000076
2221,0.33999997,0.43000072
2222,0.61000043,0.40000063
2223,0.32,0.7100008
2224,0.33000046,0.33999997
2225,0.67000085,0.3
2226,0.3,0.7100007
2227,0.5400006,0.34999996
2228,0.37000006,0.6400009
2229,0.9500009,0.36000067
2230,0.53000027,0.3400008
2231,0.5400005,0.3
2232,0.42000073,0.4200005
2233,0.34000045,0.47000057
2234,0.7200007,0.3
2235,0.46000046,0.4300006
2236,0.3500002,0.51000065
2237,0.3400007,0.4400006
2238,0.54000074,0.3
2239,0.3,0.6800007
2240,0.64000064,0.32
2241,0.6600006,0.31
2242,0.5000004,0.3000006
2243,0.51000077,0.4400006
2244,0.60000044,0.36000055
2245,0.52000076,0.4400007
2246,0.50000054,0.5000008
2247,0.80000055,0.3
2248,0.8100007,0.3
2249,0.49000043,0.46000046
2250,0.76000077,0.3
2251,0.4700008,0.45000058
2252,0.3,0.6300005
2253,0.40000004,0.76000077
2254,0.47000057,0.50000054
2255,0.53000075,0.36000007
2256,0.32,0.31
2257,0.96000075,0.4400007
2258,0.76000077,0.35000068
2259,0.4800008,0.33000058
2260,0.6000007,0.36999995
2261,0.5200005,0.35000068
2262,0.7300006,0.4700008
2263,0.5500007,0.31
2264,0.6800007,0.35999995
2265,0.4400007,0.5100005
2266,0.64000076,0.6400006
2267,1.0100007,0.63000065
2268,0.5100005,0.36000067
2269,0.4400007,0.7500007
2270,0.35000056,0.5700007
2271,0.5900005,0.86000025
2272,0.7700005,0.67000073
2273,0.5100005,0.38000065
2274,0.9000007,0.32
2275,1.1200004,0.35000056
2276,0.6500007,0.3
2277,0.31,0.3
2278,0.65000063,0.4700008
2279,0.5500007,0.46000046
2280,0.5800007,0.3
2281,0.5800007,0.3
2282,0.3400007,0.8400009
2283,0.5500006,0.47000033
2284,1.0400007,0.4400006
2285,0.5700007,0.5600005
2286,0.64000064,0.4300006
2287,0.37000018,0.32
2288,0.66000074,0.6000007
2289,0.4200006,0.55000085
2290,0.4400007,0.37000054
2291,0.55000037,0.32
2292,0.6100006,0.41000062
2293,0.5900007,0.4600008
2294,0.73000044,0.6500009
2295,0.52000064,0.3
2296,0.34000045,0.51000077
2297,0.7700006,0.35000056
2298,0.42000037,0.5200005
2299,0.65000063,0.5800008
2300,0.5500006,0.35000068
2301,0.3900004,0.30000073
2302,0.4300006,0.3
2303,0.62000066,0.51000077
2304,0.51000077,0.8900009
2305,0.54000074,0.3600002
2306,0.6300006,0.35000008
2307,0.8200007,0.7000008
2308,0.5200005,0.3100006
2309,0.3,0.3
2310,0.5000008,0.49000055
2311,0.5800006,0.69000036
2312,0.9000007,0.4300006
2313,1.0000007,0.40000063
2314,0.35000044,0.31
2315,0.36000055,0.5200003
2316,0.46000057,0.3
2317,0.3400007,0.37000078
2318,0.4300006,0.31
2319,0.6600006,0.3
2320,0.83000076,0.7400007
2321,0.39000064,0.45000058
2322,0.4500007,0.3
2323,0.49000078,0.3
2324,0.5500007,0.3
2325,0.4800008,0.46000057
2326,0.5800006,0.6800006
2327,0.5500007,0.3400007
2328,0.52000076,0.7900002
2329,0.4200006,0.4000005
2330,0.60000056,0.36000055
2331,0.64000064,0.39000052
2332,0.7100008,0.8300004
2333,0.5500007,0.47000057
2334,0.78000075,0.38000005
2335,0.31,0.68000084
2336,0.4300006,0.66000074
2337,0.73000073,0.4400006
2338,0.7400008,0.7000006
2339,0.61000067,0.3
2340,0.51000065,0.3
2341,0.4200006,0.44000083
2342,0.79000074,0.53000075
2343,0.3900004,0.6000007
2344,0.5700007,0.3
2345,0.48000067,0.48000056
2346,0.7000006,0.5700007
2347,0.3,0.3
2348,0.66000086,0.4800008
2349,0.3200007,0.33999997
2350,0.48000056,0.50000066
2351,0.5100005,0.3
2352,0.88000035,0.32000023
2353,0.59000045,0.3
2354,0.5500006,0.78000075
2355,0.53000075,0.32
2356,0.3,0.3
2357,0.40000063,0.40000063
2358,0.3,0.4400006
2359,0.36000007,0.43000048
2360,0.6600006,0.77000064
2361,0.49000055,0.31
2362,0.31,0.3
2363,0.61000067,0.50000066
2364,0.5000003,0.31
2365,0.35000068,0.9900006
2366,0.41000062,0.36000055
2367,0.4300006,0.47000057
2368,0.5900007,0.58000046
2369,0.7800002,0.8100007
2370,0.7400008,0.52000076
2371,0.4500007,0.49000055
2372,0.61000043,0.65000063
2373,0.4400007,0.31
2374,0.5500007,0.32999998
2375,0.37000042,0.8900009
2376,0.48000056,0.39000005
2377,0.51000065,0.63000065
2378,0.46000046,0.37000006
2379,0.50000054,0.3
2380,0.6400009,0.3
2381,0.6100008,0.3
2382,0.7000006,0.36000067
2383,0.7000004,0.31
2384,0.48000056,0.33999997
2385,0.37000042,0.42000085
2386,0.8000007,0.3
2387,0.4700005,0.35000056
2388,0.68000066,0.6800006
2389,0.4400006,0.80000067
2390,0.74000067,0.3000005
2391,0.63000065,0.3400007
2392,0.6900005,0.5500005
2393,0.47000068,0.31000012
2394,0.56000036,0.6200004
2395,0.61000067,0.62000066
2396,0.64000064,0.67000073
2397,0.8800009,0.31
2398,0.31,0.32999998
2399,0.7700008,0.3
2400,0.5600005,0.57000047
2401,0.42000037,0.5100005
2402,0.5600006,0.3200006
2403,0.3,0.47000057
2404,0.8000008,0.3
2405,0.5800006,0.33000058
2406,0.5100005,0.4200006
2407,0.4200006,0.54000074
2408,0.8200002,0.5400005
2409,0.6600006,0.40000063
2410,0.66000086,0.5200005
2411,0.35000056,0.6200004
2412,0.50000054,0.39000064
2413,0.5400006,0.38000005
2414,0.44000012,0.40000063
2415,0.33999997,0.32000047
2416,0.7100005,0.66000086
2417,0.4400006,0.37000054
2418,0.3,0.47000057
2419,0.39000052,0.3
2420,0.7800005,0.3
2421,0.50000054,0.84000075
2422,0.3,0.40000063
2423,0.38000065,0.31
2424,0.8300007,0.3
2425,0.46000057,0.3
2426,0.3,0.39000064
2427,0.5600005,0.36000043
2428,0.6800006,0.35000044
2429,0.35000068,0.66000086
2430,0.32000047,0.4500007
2431,0.49000067,0.47000068
2432,0.95000046,0.45000058
2433,0.46000057,0.31
2434,0.46000057,0.32
2435,0.7100006,0.31000048
2436,0.3,0.5300006
2437,0.5400005,0.37000066
2438,0.5600005,0.47000057
2439,0.7400008,0.3400007
2440,0.51000077,0.3
2441,0.36000067,0.3
2442,0.75000054,0.31
2443,0.62000066,0.5700006
2444,0.38000065,0.43000013
2445,0.8400004,0.3
2446,0.65000075,0.46000057
2447,0.38000065,0.97000074
2448,0.45000082,0.65000075
2449,0.63000065,0.37000006
2450,0.32,0.72000057
2451,0.6400009,0.4000005
2452,0.5500007,0.3100006
2453,0.4600008,0.3200007
2454,0.6900008,0.3
2455,0.5300005,0.33999997
2456,0.64000064,0.34000057
2457,0.5300006,0.4300006
2458,0.48000056,0.4400006
2459,0.6900006,0.3
2460,0.6900006,0.9600008
2461,0.33000046,0.49000078
2462,0.5900007,0.30000013
2463,0.7300004,0.48000056
2464,0.3600002,0.34999996
2465,0.6300009,0.7000007
2466,0.9100001,0.3000006
2467,0.7200007,0.33000046
2468,0.6600001,0.4300006
2469,0.6200009,0.61000043
2470,0.78000075,0.3
2471,0.87000084,0.50000066
2472,0.5400005,0.41000062
2473,0.53000075,0.65000075
2474,0.63000065,0.34000045
2475,0.67000073,0.43000048
2476,0.7200007,0.43000084
2477,0.6400006,0.63000065
2478,0.8800001,0.5800006
2479,0.30000073,0.32999998
2480,0.38000065,0.62000066
2481,0.510001,0.7300008
2482,0.3,0.7800008
2483,0.5500007,0.4700008
2484,0.41000062,0.4600008
2485,0.48000056,0.76000077
2486,0.3,0.5500006
2487,0.7400008,0.4400007
2488,0.4200006,0.4800008
2489,0.5300006,0.37000066
2490,0.4500007,0.67000043
2491,0.46000057,0.63000065
2492,0.53000075,0.72000074
2493,0.6700006,0.6200008
2494,0.45000046,0.3
2495,0.37000054,0.3
2496,0.5500005,0.65000063
2497,0.61000067,0.5800006
2498,0.36000043,0.5800007
2499,0.77000076,0.75000054
2500,0.5600007,0.76000077
2501,0.3800004,0.37000006
2502,0.5500007,0.3400007
2503,0.40000063,0.3
2504,0.5600007,0.48000056
2505,0.34000045,0.5500007
2506,0.50000054,0.42000014
2507,0.48000044,0.3
2508,0.63000065,0.6800007
2509,0.48000056,0.3
2510,0.34999996,0.3
2511,0.6600004,0.3
2512,0.4200006,0.37000066
2513,0.4800008,0.78000075
2514,0.4400006,0.45000082
2515,0.5600007,0.7300008
2516,0.33999997,0.35000068
2517,0.9200002,0.62000066
2518,0.73000056,0.3
2519,0.8800008,0.39000064
2520,0.6800006,0.3
2521,0.37000042,0.36000067
2522,0.4000005,0.5600007
2523,0.46000034,0.3200007
2524,0.7900002,0.6600006
2525,0.68000084,0.3
2526,0.70000035,0.3400007
2527,0.50000054,0.3
2528,0.5000008,0.6100009
2529,0.84000075,0.4200006
2530,0.6800007,0.31000048
2531,0.61000067,0.60000056
2532,0.49000055,0.53000075
2533,0.7600005,0.46000057
2534,0.33000046,0.3000006
2535,0.3,0.30000073
2536,0.7000006,0.31
2537,0.53000075,0.33999997
2538,0.41000062,0.31
2539,0.49000055,0.41000062
2540,0.46000057,0.46000057
2541,0.5100005,0.3
2542,0.52000064,0.3
2543,0.92000043,0.32
2544,0.42000014,0.3
2545,0.6200007,0.3
2546,0.41000062,0.3
2547,0.3200007,0.3
2548,0.46000057,0.3
2549,0.3,0.51000065
2550,0.62000066,0.31
2551,0.90000075,0.46000046
2552,0.3400007,0.37000042
2553,0.52000064,0.69000083
2554,0.59000057,0.3600002
2555,0.68000084,0.8300008
2556,0.4500007,0.53000075
2557,0.5500007,0.3
2558,0.36000043,0.62000054
2559,0.54000074,0.3
2560,0.5700007,0.3
2561,0.3,0.4300006
2562,0.3,0.5900007
2563,0.78000057,0.3
2564,0.46000046,0.34999996
2565,0.5600006,0.3
2566,0.41000015,0.41000086
2567,0.31,0.3
2568,0.6800006,0.72
2569,0.4200006,0.63000065
2570,0.7100008,0.45000058
2571,0.7100008,0.3
2572,0.61000043,0.65000063
2573,0.47000057,0.3
2574,0.5600005,0.38000065
2575,0.35000044,0.62000054
2576,0.5800007,0.41000062
2577,0.48000044,0.35000068
2578,0.32,0.3
2579,0.48000032,0.51000065
2580,0.32,0.3
2581,0.36000007,0.7900005
2582,0.4000005,0.40000063
2583,0.3900004,0.32
2584,0.75000066,0.31
2585,0.61000067,0.74000084
2586,0.42000073,0.3
2587,0.77000076,0.3
2588,0.9900001,0.3
2589,0.5300005,0.7500008
2590,0.37999994,0.33000058
2591,0.4600008,0.31
2592,0.5400005,0.35000068
2593,0.3,0.6900006
2594,0.4700008,0.38000053
2595,0.9899999,0.4600008
2596,0.96000063,0.45000058
2597,0.4400006,0.54000074
2598,0.5400005,0.4800008
2599,0.4200006,0.6900006
2600,0.33000058,0.3
2601,0.4300006,0.50000066
2602,0.4000004,0.5300006
2603,0.55000025,0.7300008
2604,0.4400006,0.34999996
2605,0.9400008,0.6500006
2606,0.47000033,0.46000057
2607,0.33999997,0.5800007
2608,0.87000036,0.3000005
2609,0.5700007,0.62000066
2610,0.5500007,0.69000083
2611,0.5400006,0.54000074
2612,0.5600007,0.3
2613,0.50000054,0.52000064
2614,0.32000047,0.5600007
2615,0.9100005,0.32999998
2616,0.6200007,0.6400005
2617,0.6600006,0.30000073
2618,0.32,0.43000072
2619,0.42000085,0.7100006
2620,0.49000055,0.41000062
2621,0.3,0.46000057
2622,0.40000087,0.3
2623,0.71000034,0.39000005
2624,0.5300005,0.46000057
2625,0.5400006,0.3
2626,0.3,0.37000078
2627,0.3900004,0.4400006
2628,0.40000063,0.4600008
2629,0.78000075,0.3900004
2630,0.6800009,0.3
2631,0.6800005,0.5100005
2632,0.5300004,0.3200001
2633,0.6200005,0.33000046
2634,0.6100005,0.52000076
2635,0.4800008,0.7100007
2636,0.4400006,0.4200006
2637,0.5600005,0.3
2638,0.53000075,0.45000058
2639,0.52000064,0.32999998
2640,0.30000073,0.3
2641,0.5300005,0.3
2642,0.40000063,0.3
2643,0.6800006,0.41000062
2644,0.31000072,0.56000084
2645,0.84000015,0.3400001
2646,0.6800007,0.6700004
2647,0.67000073,0.3
2648,0.47000057,0.40000063
2649,0.52000076,0.5700007
2650,0.3400007,0.54000074
2651,0.5200005,0.5800007
2652,0.8100007,0.5700007
2653,0.52000076,0.5600005
2654,0.35000056,0.49000055
2655,0.5700007,0.40000063
2656,0.5100005,0.7100008
2657,0.39000064,0.38000065
2658,0.4500007,0.36000067
2659,0.6800009,0.7100008
2660,0.48000067,0.5700007
2661,0.50000054,0.3
2662,0.5600007,0.5400006
2663,0.9300009,0.39000064
2664,0.7600005,0.3
2665,0.47000057,0.3400007
2666,0.59000057,0.5800007
2667,0.4200006,0.4400006
2668,0.7400008,0.41000038
2669,0.5800007,0.46000057
2670,0.5900007,0.4300006
2671,0.6800007,0.33999997
2672,0.5500006,0.71000063
2673,0.4000005,0.4500007
2674,0.44000083,0.6000007
2675,0.48000044,0.5700006
2676,0.69000053,0.49000078
2677,0.50000066,0.5500007
2678,0.4600007,0.35000008
2679,0.79000074,0.49000055
2680,0.5500005,0.3
2681,0.3,0.33999997
2682,0.50000054,0.7100007
2683,0.39000016,0.32999998
2684,0.7300007,0.5100005
2685,0.65000063,0.3
2686,0.8700005,0.45000058
2687,0.32,0.46000057
2688,0.47000057,0.3200006
2689,0.64000046,0.4300006
2690,0.46000057,0.50000066
2691,0.5800007,0.7500008
2692,0.7000008,0.5000008
2693,0.80000085,0.33000046
2694,0.63000053,0.48000056
2695,0.31000012,0.3
2696,0.7100008,0.54000074
2697,0.8700005,0.5300005
2698,0.3,0.59000045
2699,0.59000045,0.33999997
2700,0.3900004,0.44000083
2701,0.6000007,0.69000083
2702,0.71000075,0.32
2703,0.40000075,0.38000005
2704,0.6200006,0.3
2705,0.67000085,0.31
2706,0.6700006,0.46000057
2707,0.34000045,0.3
2708,0.6900007,0.49000078
2709,0.46000057,0.5500005
2710,0.48000056,0.79000074
2711,0.6000006,0.35000008
2712,0.5200005,0.30000073
2713,0.5300005,0.4400006
2714,0.6900006,0.35000044
2715,0.50000054,0.31
2716,0.35000008,0.54000074
2717,0.76000077,0.52000064
2718,0.8500006,0.3
2719,0.5600007,0.4400006
2720,0.63000065,0.5700006
2721,0.5800007,0.39000064
2722,0.5500005,0.6000007
2723,0.40000063,0.64000064
2724,1.0300002,0.6100002
2725,0.7200008,0.5000008
2726,0.32,0.5800007
2727,0.3800004,0.31000048
2728,0.66000056,0.40000075
2729,0.59000057,0.39000005
2730,0.60000056,0.4200005
2731,0.3200007,0.3400001
2732,0.38000053,0.31
2733,0.46000057,0.49000078
2734,0.7000006,0.7100008
2735,0.36000043,0.64000076
2736,0.59000057,0.3
2737,0.4300006,0.40000015
2738,0.32000047,0.4200006
2739,0.35000056,0.3400001
2740,0.6900007,0.33000022
2741,0.34000045,0.37000066
2742,0.48000067,0.5900007
2743,0.5700007,0.3
2744,0.73000056,0.54000074
2745,0.4500001,0.5200005
2746,0.5500005,0.65000063
2747,0.3000006,0.3
2748,0.47000057,0.3
2749,0.5600007,0.32
2750,0.35000008,0.48000056
2751,0.39000064,0.65000063
2752,0.4400007,0.36000067
2753,0.3,0.8100005
2754,0.43000048,0.3
2755,0.6200009,0.3400007
2756,0.41000062,0.4400006
2757,0.5700006,0.47000068
2758,0.45000058,0.57000047
2759,0.7500008,0.49000078
2760,0.3000006,0.32
2761,0.33000058,0.6300004
2762,0.79000074,0.40000063
2763,0.5300006,0.30000073
2764,0.40000063,0.5800007
2765,0.39000052,0.3
2766,0.9300008,0.39000064
2767,0.38000065,0.33999997
2768,0.3400007,0.6500003
2769,0.5100005,0.35000008
2770,0.36000067,0.3
2771,0.52000076,0.5000008
2772,0.49000078,0.35000056
2773,0.4700008,0.8200009
2774,0.5300006,0.49000078
2775,0.5600007,0.30000073
2776,0.3400001,0.47000057
2777,0.50000054,0.33999997
2778,0.34000057,0.5500006
2779,0.8400008,0.35999995
2780,0.5600007,0.6300004
2781,0.49000078,0.32000047
2782,0.45000058,0.3
2783,0.4400006,0.64000064
2784,0.63000095,0.33999997
2785,0.75000036,0.34000057
2786,0.34999996,0.3
2787,0.52000076,0.5900007
2788,0.36000043,0.38000065
2789,0.7000006,0.3200001
2790,0.39000064,0.39000064
2791,0.6000007,0.75000066
2792,0.51000065,0.5500005
2793,1.0000006,0.6200008
2794,0.38000065,0.45000058
2795,0.5200005,0.4500007
2796,0.5700006,0.5100005
2797,0.53000075,0.5000008
2798,0.74000037,0.41000086
2799,0.4300006,0.33999997
2800,0.6100009,0.40000063
2801,0.5900009,0.33999997
2802,0.47000057,0.38000065
2803,0.5500007,0.3
2804,0.5700006,0.54000074
2805,0.3900004,0.3
2806,0.32000047,0.53000075
2807,0.48000056,0.3300007
2808,0.62000036,0.73000056
2809,0.46000057,0.32999998
2810,0.49000055,0.38000065
2811,0.35000044,0.43000013
2812,0.5300005,0.39000064
2813,0.68000084,0.46000057
2814,0.38000065,0.4400006
2815,0.58000046,0.35000044
2816,0.32000047,0.46000057
2817,0.39000064,0.4500001
2818,0.48000056,0.35000044
2819,0.3,0.6300006
2820,0.40000063,0.3
2821,0.5200005,0.7400008
2822,0.5500007,0.62000066
2823,0.37000066,0.5600006
2824,0.4000005,0.5500006
2825,0.61000067,0.4800008
2826,0.63000065,0.64000064
2827,0.73000056,0.3
2828,0.53000075,0.9000002
2829,0.7400008,0.35000068
2830,0.6600006,0.3400001
2831,0.61000067,0.33999997
2832,0.5300005,0.34999996
2833,0.6100008,0.3500002
2834,0.5500006,0.3
2835,0.9300003,0.37000066
2836,0.5400006,0.41000074
2837,0.50000054,0.31
2838,0.51000077,0.3
2839,0.36000067,0.3
2840,0.7100007,0.5000008
2841,0.3,0.3
2842,0.6800005,0.47000057
2843,0.8400008,0.4200006
2844,0.5900007,0.5500007
2845,0.5500007,0.4100005
2846,0.93000007,0.8100009
2847,0.780001,0.3
2848,0.53000075,0.5800007
2849,0.79000044,0.36000043
2850,0.7600007,0.4200006
2851,0.33999997,0.3
2852,0.3,0.63000065
2853,0.38000065,0.31000072
2854,0.54000074,0.48000056
2855,0.57000077,0.3400001
2856,0.5800007,0.3
2857,0.3000006,0.54000074
2858,0.79000044,0.36000067
2859,0.3600002,0.64000076
2860,0.6000007,0.3
2861,0.5600005,0.46000057
2862,0.36000067,0.52000076
2863,0.53000075,0.35000044
2864,0.51000077,0.5600005
2865,0.5500005,0.3
2866,0.5200005,0.49000067
2867,0.47000057,0.7200008
2868,0.6700006,0.6800003
2869,0.31,0.3
2870,0.88000065,0.3900004
2871,0.43000013,0.47000057
2872,0.63000065,0.36000043
2873,0.3,0.32000023
2874,0.4700008,0.3
2875,0.4500007,0.3
2876,0.63000065,0.3
2877,0.7300008,0.42000085
2878,0.56000054,0.53000075
2879,0.49000055,0.3
2880,0.36999995,0.33999997
2881,0.37000054,0.4800008
2882,0.5900007,0.3
2883,0.5600005,0.3
2884,0.5400004,0.4400006
2885,0.34000057,0.3
2886,0.56000054,0.4700008
2887,0.3,0.3
2888,0.6200004,0.36000067
2889,0.31000048,0.51000065
2890,0.3,0.5900007
2891,0.5100005,0.31
2892,0.62000066,0.35000044
2893,0.52000076,0.4700008
2894,0.32000047,0.3
2895,0.3600008,0.4400006
2896,0.98000073,0.4600008
2897,0.7300008,0.39000005
2898,0.59000045,0.7200008
2899,0.38000005,0.3
2900,0.7100007,0.3
2901,0.5100005,0.32
2902,0.59000057,0.34000045
2903,0.6900007,0.3
2904,0.5600007,0.5200005
2905,0.9599998,0.5600007
2906,0.39000088,0.43000048
2907,0.35000008,0.33999997
2908,0.62000066,0.53000075
2909,0.63000065,0.37000066
2910,0.79000074,0.3
2911,0.3300001,0.63000065
2912,0.8300004,0.3
2913,0.46000046,0.3
2914,0.37000066,0.3
2915,0.31,0.6800006
2916,0.41000062,0.44000083
2917,0.7300008,0.3
2918,0.5100005,0.84000075
2919,0.3200006,0.3
2920,0.42000014,0.65000075
2921,0.65000063,0.5500007
2922,0.39000005,0.3
2923,0.78000075,0.7500008
2924,0.3,0.31
2925,0.3,0.3
2926,0.57000095,0.4400006
2927,0.5300005,0.3
2928,0.8300005,0.39000064
2929,0.46000057,0.47000057
2930,0.6400004,0.3
2931,0.35999995,0.3
2932,0.39000016,0.31
2933,0.5200005,0.41000062
2934,0.37000018,0.39000016
2935,0.34999996,0.3
2936,0.3,0.3
2937,0.5500005,0.3400001
2938,0.5000003,0.53000075
2939,0.48000067,0.33999997
2940,0.5100005,0.41000062
2941,1.0999998,0.49000055
2942,0.58000046,0.33000058
2943,0.86000055,0.6200007
2944,0.5000008,0.61000067
2945,0.45000058,0.41000074
2946,0.76000077,0.6700006
2947,0.41000038,0.47000045
2948,0.62000066,0.40000075
2949,0.5900003,0.5700007
2950,0.5600005,0.62000066
2951,0.9800006,0.83000076
2952,0.52000064,0.9600005
2953,0.5900008,0.3400007
2954,0.48000056,0.41000074
2955,0.38000005,0.6900006
2956,0.4500007,0.38000077
2957,0.51000065,0.33000022
2958,0.5600006,0.3
2959,0.7200008,0.54000074
2960,0.7300007,0.36000067
2961,0.36000067,0.76000077
2962,0.3,0.3
2963,0.37000042,0.62000066
2964,0.61000055,0.43000084
2965,0.82000077,0.33000058
2966,0.4300006,0.5600006
2967,0.62000066,0.3100006
2968,0.31,0.5100005
2969,0.36000067,0.41000062
2970,0.41000062,0.35000068
2971,0.35000068,0.3400001
2972,0.3200007,0.3
2973,0.60000056,0.47000068
2974,0.5500007,0.46000046
2975,0.6300009,0.32999998
2976,0.72000027,0.38000005
2977,0.6000007,0.34999996
2978,0.54000074,0.3
2979,0.3900004,0.3
2980,0.7000008,0.61000067
2981,0.7600005,0.34999996
2982,0.5800007,0.62000054
2983,0.6000008,0.47000068
2984,0.60000044,0.3400007
2985,0.37000042,0.38000053
2986,0.6000007,0.47000057
2987,0.6700006,0.6000007
2988,0.6000006,0.40000015
2989,0.61000067,0.60000056
2990,0.5900007,0.7400008
2991,0.38000065,0.36000067
2992,0.61000067,0.3
2993,0.4000005,0.3
2994,0.3,0.43000072
2995,0.5800007,0.3
2996,0.49000055,0.54000074
2997,0.35000044,0.41000062
2998,0.39000064,0.3
2999,0.49000078,0.34999996
3000,0.5100005,0.39000076
